4707,760 LINWOOD ST,,,02351
5316,32 MACY ST,,,01913
5713,180 MAIN ST,,,01913
5742,180 MAIN ST,,,01913
6068,209 MARKET ST,,,01913
6555,26 SUMMER ST,,,01913
6570,26 SUMMER ST,,,01913
6571,26 SUMMER ST,,,01913
8686,28 FIELD ST,,,01913
9136,68 ELM ST,,,01913
10211,26 SUMMER ST,,,01913
12702,998 MASS AVE,,,02476
14952,0 SPRING ST,,,02476
15015,0 SWAN ST,,,02476
17232,0 THORNDIKE ST EXT,,,02476
17413,0 MEDFORD ST,,,02476
17595,54 MEDFORD ST,,,02476
18536,101 GARDNER ST,,,02476
18547,122 DECATUR ST,,,02476
18602,100 GARDNER ST,,,02476
19770,995 MASS AVE,,,02476
19984,8 SUMMER ST,,,02476
19990,24 SUMMER ST,,,02476
20108,4 WINSLOW ST,,,02476
22443,0 BRATTLE CT,,,02476
22781,16 DRAKE RD,,,02476
22796,424 SUMMER ST,,,02476
22805,0 TURKEY HILL,,,02476
22819,0 SYLVIA ST,,,02476
22820,0 CONCORD TPKE,,,02476
22903,1389 MASS AVE,,,02476
23092,0 HENDERSON ST,,,02474
23095,0 BROADWAY,,,02476
23129,0 SPRING ST,,,02476
27927,11 FIELD RD,,,02703
28314,10 EMORY ST,,,02703
28388,0 PLEASANT ST,,,02703
28700,88 NO MAIN ST,,,02703
28813,0 PECK ST,,,02703
30629,25 FOREST ST,,,02703
33273,803 NO MAIN ST,,,02703
36540,0 MILL ST,,,02703
39924,0 REAR OAKHURST AVENUE,,,01432
40027,0 GROTON SHIRLEY ROAD,,,01432
40537,14 OLD BILLERICA ROAD,,,01730
40579,12 BANDERA DRIVE,,,01730
40776,299 GREAT ROAD,,,01730
41266,1 NORMA ROAD,,,01730
42086,593 SPRINGS ROAD,,,01730
42110,591 SPRINGS ROAD,,,01730
42166,38 CROSBY DRIVE,,,01730
42867,10 MACINTOSH ROAD,,,01730
43457,223 HARTWELL ROAD,,,01730
43684,20 RAILROAD AVENUE,,,01730
43690,121 SOUTH ROAD,,,01730
43692,211 HARTWELL ROAD,,,01730
43926,72 PINE HILL ROAD,,,01730
44301,121 SHAWSHEEN ROAD,,,01730
44340,1 ASHBY PLACE,,,01730
44657,0 HANSCOM FIELD,,,01730
45622,21 ARTHUR ST,,,02019
46830,10 WRENTHAM MANOR,,,02019
46855,0 WRENTHAM RD,,,02019
48121,151 MAPLE ST,,,02019
48798,10 DEPOT CT,,,02019
50436,115 CENTER ST,,,02019
,,,,
,,,,
,,,,
,,,,
,,,,
,,,,
,,,,
,,,,
,,,,
,,,,
,,,,
,,,,
,,,,
,,,,
,,,,
,,,,
,,,,
,,,,
,,,,
,,,,
,,,,
,,,,
,,,,
,,,,
,,,,
,,,,
,,,,
,,,,
,,,,
,,,,
,,,,
,,,,
,,,,
,,,,
,,,,
,,,,
,,,,
,,,,
,,,,
,,,,
,,,,
,,,,
,,,,
,,,,
,,,,
,,,,
,,,,
,,,,
,,,,
,,,,
,,,,
,,,,
,,,,
,,,,
,,,,
,,,,
,,,,
,,,,
,,,,
,,,,
,,,,
,,,,
,,,,
,,,,
,,,,
,,,,
,,,,
58332,0 WELLMAN ST,,,01915
59048,100 RANTOUL ST,,,01915
60122,22 FEDERAL ST,,,01915
61647,137 BRIDGE ST,,,01915
62568,348 CABOT ST,,,01915
62878,10 CEDAR ST,,,01915
63691,34 SIMON ST,,,01915
63747,24 SIMON ST,,,01915
64240,20 SOHIER RD,,,01915
64747,11 SPRING ST,,,01915
65130,25 DEARBORN AVE,,,01915
65193,0 HERRICK ST,,,01915
65226,45 BALCH ST,,,01915
65248,77 SOHIER RD,,,01915
65400,77 SOHIER RD,,,01915
65421,245 ESSEX ST,,,01915
65577,6 COURTNEY DR,,,01915
66279,1 HILLTOP DR,,,01915
67286,0 YANKEE DIVISON HGWY,,,01915
68892,5 ENON ST,,,01915
70190,0 DUDLEY RD,,,01821
70651,829 BOSTON RD,,,01821
72487,22 GLENSIDE AV,,,01821
72671,1 PLENTY ST,,,01821
74245,78 LEXINGTON RD,,,01821
74970,609 BOSTON RD,,,01821
79890,30 HARJEAN RD,,,01821
80781,0 DARTMOUTH DR,,,01821
82000,104 POLLARD ST,,,01821
82370,29 TREBLE COVE RD,,,01821
82431,27 CHELMSFORD RD,,,01821
82763,33 TALBOT AV,,,01862
82883,116 BOSTON RD,,,01821
87702,247 NORTH RD,,,01741
87703,107 NORTH RD,,,01741
87705,0 LOWELL ST,,,01741
87903,841 LOWELL ST,,,01741
87904,817 LOWELL ST,,,01741
88566,1003 LOWELL ST,,,01741
88572,437 NORTH RD,,,01741
88592,107 NORTH RD,,,01741
88593,659 NORTH RD,,,01741
88719,15 EASTERN AV,,,02150
88746,340 MARGINAL ST,,,02150
88754,340R MARGINAL ST,,,02150
88775,20 EASTERN AV,,,02150
89092,72 BROADWAY,,,02150
89097,62 BROADWAY,,,02150
89124,15R CHESTNUT ST,,,02150
89151,74 BROADWAY,,,02150
89185,64 ESSEX ST,,,02150
89417,170 CENTRAL AV,,,02150
89460,120 BROADWAY,,,02150
90371,175 HAWTHORN ST,,,02150
90690,625 BROADWAY,,,02150
90747,230 WALNUT ST,,,02150
90787,14 HEARD ST,,,02150
91260,42 EDEN ST,,,02150
91408,301 SPRUCE ST,,,02150
91420,14 BLOOMINGDALE ST,,,02150
91916,60 HILLSIDE AV,,,02150
92061,91 CREST AV,,,02150
92129,184 CARTER ST,,,02150
92163,95 CREST AV,,,02150
92448,100 SUMMIT AV,,,02150
92518,260 CLARK AV,,,02150
92545,112 CLINTON ST,,,02150
92741,54 LOCKE ST,,,02150
93048,44 EXETER ST,,,02150
93496,141 COMMANDANTS WY,,,02150
93562,180 SPENCER AV,,,02150
93583,0 TURTLE LN,,,02030
96422,16 BAY RD,,,02332
96852,748 UNION ST,,,02332
97053,360 LAKE SHORE DR,,,02332
97194,75 MERRY AVE,,,02332
98288,0 CHURCH ST,,,02332
98538,215 CHURCH ST,,,02332
98679,1300 TREMONT ST,,,02332
99679,19 HOUNDS DITCH LN,,,02332
99683,590 MAYFLOWER ST,,,02332
100121,0 CHANDLER ST,,,02332
100192,113 SUMMER ST,,,02332
100220,175 EVERGREEN ST,,,02332
100236,109 S STATION ST,,,02332
100263,106 PARTRIDGE RD,,,02332
100677,59 CHESTNUT ST,,,02332
100963,15 CHESTNUT ST,,,02332
,,,,
,,,,
,,,,
,,,,
,,,,
,,,,
,,,,
,,,,
,,,,
,,,,
,,,,
,,,,
107489,55 NORTH STREET,,,02035
,,,,
,,,,
,,,,
,,,,
,,,,
,,,,
,,,,
,,,,
,,,,
,,,,
,,,,
,,,,
,,,,
110950,3 DERBY LN,,,02038
111026,21 PLAIN ST,,,02038
111650,245 DANIELS ST,,,02038
114086,192 BROOK ST,,,02038
116412,910 PANTHER WAY,,,02038
116419,3 GROVE ST,,,02038
116486,0 WEST CENTRAL ST,,,02038
116985,25 DEPOT ST,,,02038
116988,0 MAIN ST,,,02038
117072,57 RUGGLES ST,,,02038
117599,45 WINTER ST,,,02038
117723,14 WALNUT AVE,,,02038
118353,4 EAST PARK ST,,,02038
118365,1000 CENTRAL PARK TER,,,02038
118369,0 CENTRAL PARK TER,,,02038
118800,0 GROVE ST,,,02038
118811,0 SPRING ST,,,02038
119457,0 GROVE ST,,,02038
121058,932 WASHINGTON ST,,,01930
121278,3 STATE PIER,,,01930
123184,3 POND RD,,,01930
123652,10 GRIFFIN CT,,,01930
123736,20 LINCOLN AV,,,01930
124409,259 WASHINGTON ST,,,01930
124439,24 POPLAR ST,,,01930
124615,43 MAPLEWOOD AV,,,01930
124640,8 SARGENT ST,,,01930
124645,7 ARTHUR ST,,,01930
126852,374 WASHINGTON ST,,,01930
127340,84 PLEASANT ST,,,01930
127536,18 ESSEX ST,,,01930
127838,25 PROSPECT SQ,,,01930
127843,256 MAIN ST,,,01930
127859,99 PROSPECT ST,,,01930
128323,19 MASON ST,,,01930
128406,17 WASHINGTON SQ,,,01930
128565,31 PROSPECT ST,,,01930
130808,68R POPLAR ST,,,01930
133578,73 VETERANS WY,,,01930
133957,16 CANNON HILL RD EX,,,01834
135804,82 GARDNER ST,,,01834
,,,,
,,,,
,,,,
,,,,
139270,92 MILL ST,,,01747
139817,208 HOPEDALE ST,,,01747
139845,230 SOUTH MAIN ST,,,01747
139864,208 HOPEDALE ST,,,01747
140016,154 MENDON ST,,,01747
145844,0 POND + WINTER ST,,,01748
146073,REAR MASS TURNPIKE,,,01748
146221,5 MACADAM RD,,,01748
146254,0 MASS TURNPIKE,,,01748
146367,0 CEDAR ST,,,01748
146751,0 WOOD ST,,,01748
147191,49 WASHINGTON ST,,,01749
148948,1 BRIGHAM ST,,,01749
148950,1 BRIGHAM CIR,,,01749
149810,35 WASHINGTON ST,,,01749
150891,77 CHERRY ST,,,01749
152961,0 OLD UNION TURNPIKE,,,01523
153144,0 SHIRLEY RD/SHAKER RD,,,01523
153447,2740 NO MAIN ST,,,01523
154771,0 STILL RIVER RD,,,01523
154775,106 OLD COMMON RD,,,01523
155978,0 VIRGINIA RD,,,01773
155979,0 VIRGINIA RD,,,01773
,,,,
158911,50 ADIE WAY,,,01852
,,,,
,,,,
,,,,
,,,,
,,,,
,,,,
,,,,
,,,,
,,,,
,,,,
,,,,
,,,,
,,,,
,,,,
,,,,
,,,,
,,,,
,,,,
,,,,
,,,,
,,,,
,,,,
,,,,
,,,,
,,,,
,,,,
,,,,
,,,,
,,,,
,,,,
,,,,
,,,,
,,,,
,,,,
,,,,
,,,,
,,,,
,,,,
,,,,
,,,,
,,,,
,,,,
,,,,
,,,,
,,,,
,,,,
,,,,
,,,,
,,,,
,,,,
,,,,
,,,,
,,,,
,,,,
168995,179.T GORHAM ST,,,01852
,,,,
,,,,
,,,,
,,,,
,,,,
,,,,
,,,,
,,,,
,,,,
,,,,
169838,150 WILDER ST,,,01851
,,,,
,,,,
,,,,
,,,,
,,,,
,,,,
,,,,
,,,,
170370,159 FLETCHER ST,,,01854
,,,,
,,,,
,,,,
,,,,
,,,,
,,,,
,,,,
170779,975 PAWTUCKET BLVD,,,01854
,,,,
,,,,
,,,,
171022,56 WILDER ST,,,01854
171102,43 BACHELDER ST,,,01854
,,,,
171156,35-35 BACHELDER ST,,,01854
,,,,
,,,,
,,,,
,,,,
,,,,
,,,,
,,,,
,,,,
,,,,
,,,,
,,,,
,,,,
,,,,
,,,,
172491,398 MARKET ST,,,01854
,,,,
,,,,
,,,,
173042,300 PAWTUCKET BLVD,,,01854
,,,,
,,,,
,,,,
,,,,
,,,,
,,,,
,,,,
173366,657.0 MERRIMACK ST,,,01852
,,,,
,,,,
,,,,
,,,,
,,,,
,,,,
,,,,
,,,,
,,,,
,,,,
,,,,
173946,1.0 TREMONT PL,,,01854
,,,,
,,,,
174188,241-241 PAWTUCKET ST,,,01854
,,,,
,,,,
,,,,
174414,211 PAWTUCKET ST,,,01854
,,,,
,,,,
174560,199 PAWTUCKET ST,,,01854
174652,193 PAWTUCKET ST,,,01854
,,,,
,,,,
174717,1 PERKINS ST,,,01854
174862,40 PERKINS ST,,,01854
174867,21 PERKINS ST,,,01854
174892,225 AIKEN ST,,,01854
,,,,
,,,,
175122,39 PERKINS ST,,,01852
,,,,
,,,,
175257,92 COLONIAL AVE,,,01854
,,,,
,,,,
,,,,
,,,,
175382,65 PERKINS ST,,,01854
,,,,
,,,,
,,,,
,,,,
,,,,
,,,,
,,,,
175667,25.1 STANDISH ST,,,01854
,,,,
,,,,
175807,85 PERKINS ST,,,01854
,,,,
,,,,
,,,,
177126,24 SARAH AVE,,,01854
,,,,
,,,,
,,,,
,,,,
,,,,
,,,,
,,,,
,,,,
,,,,
180063,211.1 PAWTUCKET ST,,,01854
,,,,
,,,,
180121,71 PAWTUCKET ST,,,01854
180156,240 CENTRAL ST,,,01852
,,,,
180497,0 MARINE BLVD,,,01901
180505,0 MARINE BLVD,,,01901
180620,0 GAS WHARF RD,,,01901
180667,985 WESTERN AVE,,,01905
180736,0 LYNNWAY,,,01901
180792,82 BENNETT ST,,,01905
180801,0 COMMERCIAL ST,,,01905
181065,190 SHEPARD ST,,,01902
181198,72 NEPTUNE ST,,,01905
181221,68 NEPTUNE ST,,,01905
181363,0 ALLEY ST,,,01902
181397,0 DEARBORN AVE,,,01905
181650,115 BLOSSOM ST,,,01902
182219,0 PLEASANT ST,,,01902
182342,77 WARREN ST,,,01905
182444,41 COMMERCIAL ST,,,01905
182489,80 NAHANT ST,,,01905
182747,300 BROAD ST,,,01902
182787,36 WOODMAN ST,,,01905
182794,0 BROAD ST,,,01902
182822,35 SHEPARD ST,,,01902
182931,32 SHEPARD ST,,,01902
182933,647 WASHINGTON ST,,,01902
183110,170 SOUTH COMMON ST,,,01905
183142,18 BOND ST,,,01902
183245,606 WASHINGTON ST,,,01901
183313,200 MARKET ST,,,01901
183323,0 MUNROE ST,,,01901
183404,434 UNION ST,,,01901
183479,0 UNION ST,,,01901
183492,38 SOUTH COMMON ST,,,01902
183903,20 EXCHANGE ST,,,01901
184516,77 CENTRE ST,,,01905
184723,580 ESSEX ST,,,01901
185161,73 HANOVER ST,,,01902
185295,88 JOHNSON ST,,,01902
185346,77 HANOVER ST,,,01902
185602,35 GREEN ST,,,01902
186133,0 CHATHAM ST,,,01902
186262,0 CHESTNUT ST,,,01902
186607,0 FAYETTE ST,,,01902
186793,0 FAYETTE ST,,,01902
187074,2 OLIVE ST,,,01902
187138,0 NEW OCEAN ST,,,01902
187437,0 CHATHAM ST,,,01902
187957,326 ESSEX ST,,,01902
188389,92 CURWIN CIR,,,01905
188444,119 CHATHAM ST,,,01902
189145,94 JEFFERSON ST,,,01902
189736,0 EASTERN AVE,,,01902
190533,0 SIGOURNEY ST,,,01905
190867,0 WALNUT ST,,,01905
191605,114 EMPIRE ST,,,01902
192377,0 LINWOOD ST,,,01905
192446,400 PARKLAND AVE,,,01905
192606,28 WEBSTER ST,,,01902
192642,24 WEBSTER ST,,,01902
193828,116 WESTERN AVE,,,01904
194864,17 PRESIDENT ST,,,01902
195452,0 MEADOW CT,,,01904
198489,0 MEGHANS WAY,,,01904
199822,0 LYNNWAY,,,01902
199840,0 LYNNWAY,,,01902
,,,,
204428,157 PINE ST,,,01944
204452,2 LOADING PLACE RD,,,01944
205645,40 LINCOLN ST,,,01944
206265,12 CHURCH ST,,,01944
206496,12 SUMMER ST,,,01944
,,,,
,,,,
,,,,
,,,,
217144,84 DANGELO DR,,,01752
220793,37 LEBANON ST,,,02176
220959,969 MAIN ST,,,02176
221275,70 WYOMING EAST AV,,,02176
221444,15-17 FELLSVIEW TR,,,02176
222507,120 MAIN ST,,,02176
222767,42-44 OTIS ST,,,02176
224164,319 WASHINGTON ST,,,02176
224440,76 BEECH AV,,,02176
224509,446 LEBANON ST,,,02176
226004,487-489 LEBANON ST,,,02176
226128,913-919 MAIN ST,,,02176
228051,910 MAIN ST,,,02176
228781,1 NASON DR,,,02176
228809,180 ASHLAND ST,,,02176
,,,,
,,,,
,,,,
,,,,
,,,,
,,,,
,,,,
,,,,
,,,,
,,,,
,,,,
,,,,
,,,,
,,,,
,,,,
,,,,
,,,,
,,,,
,,,,
,,,,
,,,,
,,,,
238521,261 SHARPNERS POND RD,,,01949
239878,8 GREGORY ST,,,01949
240124,0 MAPLE ST,,,01949
240151,20 MANNING AVE,,,01949
240165,1 MEMORIAL DR,,,01949
240596,37 GREGORY ST,,,01949
241220,0 RIVERVIEW DR,,,01949
241426,0 MAPLE ST,,,01949
241428,0 MAPLE ST,,,01949
241928,39 SPRING RD,,,01908
241935,75 SPRING RD,,,01908
242053,194 NAHANT RD,,,01908
242832,10 NAHANT BEACH PARKWAY,,,01908
242844,5 NAHANT RD- CAUSEWAY,,,01908
242845,4 NAHANT RD,,,01908
242846,1 LYNNWAY-ROTARY,,,01908
,,,,
,,,,
,,,,
,,,,
,,,,
,,,,
,,,,
,,,,
,,,,
,,,,
,,,,
,,,,
,,,,
,,,,
,,,,
,,,,
,,,,
,,,,
,,,,
,,,,
,,,,
,,,,
,,,,
,,,,
,,,,
,,,,
,,,,
,,,,
,,,,
,,,,
,,,,
,,,,
,,,,
,,,,
,,,,
,,,,
,,,,
,,,,
,,,,
,,,,
,,,,
,,,,
,,,,
,,,,
,,,,
,,,,
,,,,
,,,,
,,,,
,,,,
,,,,
,,,,
,,,,
,,,,
,,,,
,,,,
,,,,
,,,,
,,,,
,,,,
,,,,
,,,,
,,,,
,,,,
,,,,
,,,,
,,,,
,,,,
,,,,
,,,,
,,,,
,,,,
,,,,
,,,,
,,,,
,,,,
,,,,
,,,,
,,,,
,,,,
,,,,
,,,,
,,,,
,,,,
253868,87 CURZON MILL RD,,,01950
259308,34 FARWELL ST REAR,,,02460
259378,7 COMMONWEALTH AVE,,,02467
259456,1-6 BRYON RD,,,02467
259587,252 PLYMOUTH RD,,,02461
259771,237-251 WATERTOWN ST,,,02458
260019,27 KERRY CT,,,02465
260078,8 REBECCA RD,,,02465
260139,1135-1137 WASHINGTON ST,,,02465
260190,234 CENTRAL ST,,,02466
260289,1180 COMMONWEALTH AVE,,,02459
260368,541 GROVE ST,,,02462
260369,35-37 HARGRAVE CIR,,,02461
260408,76 WEBSTER PK,,,02465
260478,971 CHESTNUT ST,,,02464
260855,47-49 COLELLA RD,,,02459
260970,1940 WASHINGTON ST,,,02466
261243,223-225 TREMONT ST,,,02458
261293,100 BEACON ST,,,02467
261356,24-26 HIGH ST  HGH,,,02461
261426,1241 BOYLSTON ST,,,02464
262095,83-127 JOHN F KENNEDY CIR,,,02458
263305,106-128 JOHN F KENNEDY CIR,,,02458
263798,83-85 WEST ST,,,02458
264510,15-17 JACKSON TER,,,02458
264862,674-690 WATERTOWN ST,,,02460
264928,18-20 CARTER ST,,,02460
266700,390-392 NEWTONVILLE AVE,,,02460
267033,1309 WASHINGTON ST,,,02465
267816,52 ASH ST,,,02466
268360,515 WALNUT ST,,,02460
269059,11 NEWLAND ST,,,02466
270710,50-52 FULLER ST  WAB,,,02468
272103,45 PELHAM ST,,,02459
272109,14-16 WILSON CIR,,,02461
272347,1940 WASHINGTON ST,,,02466
273056,13-15 WILSON CIR,,,02461
273063,27-29 HARGRAVE CIR,,,02461
273087,52-54 WYMAN ST,,,02468
273176,41-43 HARGRAVE CIR,,,02461
273299,4-6 WILSON CIR,,,02461
273442,3-5 WILSON CIR,,,02461
273465,39 DUNCKLEE ST,,,02461
273484,2 BOWDOIN ST,,,02461
273598,28-30 HARGRAVE CIR,,,02461
273617,21-23 WILSON CIR,,,02461
273649,36-38 HARGRAVE CIR,,,02461
273871,17 KINGMAN RD,,,02461
274401,19-21 PARKER ST,,,02459
274788,68-70 WYMAN ST,,,02468
274924,40 TERRACE AVE OFF,,,02461
275504,11 BOWDOIN ST,,,02461
276395,120 WOODWARD ST,,,02461
276539,154 DICKERMAN RD,,,02461
276602,399 LANGLEY RD,,,02459
277178,49 WINCHESTER ST OFF,,,02461
277622,60-80 THURSTON RD,,,02464
277670,1260 BOYLSTON ST,,,02464
278969,1200-1202 CHESTNUT ST,,,02464
279220,91 CHRISTINA ST,,,02461
280033,29-31 BRYON RD,,,02467
280325,23 CONSIDINE RD,,,02459
280522,248-250 LAGRANGE ST,,,02467
280575,107 CHARLES ST  AUB,,,02466
280582,41 CONCORD ST,,,02462
281312,300 GROVE ST OFF,,,02466
281607,355 GROVE ST,,,02466
281756,149 CHARLES ST  AUB,,,02466
281921,391 ELLIOT ST,,,02464
283212,1123 BEACON ST,,,02461
283299,331 CALIFORNIA ST,,,02458
283783,204-214 NORTH ST,,,02056
284331,2&4 ARNOLD RD,,,02056
284625,328 MAIN ST,,,02056
284849,108 NORTH ST,,,02056
285338,12 SPRING ST,,,02056
286146,OFF CAMPBELL ST,,,02056
286661,7 OLD CAMPBELL ST,,,02056
286675,59 CLEVELAND ST,,,02056
287236,184 UNION ST,,,02056
,,,,
,,,,
,,,,
,,,,
,,,,
,,,,
,,,,
,,,,
,,,,
,,,,
,,,,
,,,,
,,,,
297520,69 LOWELL RD,,,01864
298902,18 PINE RIDGE RD,,,01864
299573,232 HAVERHILL ST,,,01864
302716,0 CRAWFORD STREET,,,01532
302761,15 GREENWOOD ROAD,,,01532
302915,23-25 CRESTWOOD DRIVE,,,01532
303642,0 LYMAN STREET,,,01532
303784,0 LYMAN STREET,,,01532
303859,1-19 CENTRE DRIVE,,,01532
303901,0 WEST MAIN STREET,,,01532
304201,18-20 CRESTWOOD DRIVE,,,01532
304230,164-166 BOUNDARY STREET,,,01532
304340,96 NORTHGATE ROAD,,,01532
304632,6-8 OTIS STREET,,,01532
304794,10-12 OTIS STREET,,,01532
305411,2-38 VILLAGE DRIVE,,,01532
305604,64 BIRCH HILL ROAD,,,01532
306461,2-24 RUTLAND ROAD,,,01532
306945,152 EAST MAIN STREET,,,01532
306967,0 BARTLETT STREET,,,01532
307101,28 EMERSON ROAD,,,01532
307644,0 LAWRENCE STREET,,,01532
307944,0 WEST STREET,,,01532
309334,15 ROCKDALE PK,,,01960
309355,0 VETERANS MEMORIAL DR,,,01960
310141,0 COOLIDGE AVE,,,01960
310206,38 COOLIDGE AVE,,,01960
312044,0 NEWBURY ST,,,01960
312408,511 LOWELL ST (R),,,01960
312597,0 BLAKE ST,,,01960
312695,15 WILSON TER (A),,,01960
312712,347 LOWELL ST,,,01960
312724,349 LOWELL ST,,,01960
313207,29 WORCESTER RD,,,01960
313455,0 FOSTER ST (R),,,01960
313463,0 LAKE ST,,,01960
313970,0 BLANEY AVE,,,01960
314323,0 BRESNAHAN CT,,,01960
314340,0 BRESNAHAN CT,,,01960
314780,0 CENTENNIAL DR,,,01960
314866,99 WALNUT ST,,,01960
315119,2 PEABODY SQ,,,01960
315240,0 TANNERS CT,,,01960
315542,16 JACOBS ST,,,01960
315744,0 NEWBURY ST,,,01960
316399,103 CENTRAL ST,,,01960
316415,0 CAROL ANN RD,,,01960
316636,201 WARREN ST EXT,,,01960
316688,201 WARREN ST EXT,,,01960
317443,0 WINONA ST (R) INCL P,,,01960
317642,59 ANDOVER ST,,,01960
317843,23 RUSSELL ST,,,01960
318064,149 NEWBURY ST,,,01960
318176,0 ROUTE I-95,,,01960
318600,164 NEWBURY ST,,,01960
318668,509 LOWELL ST,,,01960
318694,0 FERRY LN,,,01960
318956,0 WINONA ST,,,01960
319337,58 PULASKI ST (R),,,01960
319652,0 JOHNSON ST,,,01960
319833,32 PERLEY AVE (A),,,01960
321438,0 RR & NORRIS BROOK,,,01960
322064,0 HIGH ST,,,01960
322065,58 PULASKI ST (R),,,01960
322086,0 BARTHOLOMEW ST,,,01960
322332,0 BROOKLINE ST,,,01463
323176,47 NASHUA RD,,,01463
324233,20 1/2 GROTON ST,,,01463
324342,68 GROTON ST,,,01463
324706,169 175 BROOKLINE ST,,,01463
324744,142 BROOKLINE ST,,,01463
326503,56 HOLLIS ST,,,01463
326821,84 NICKS ROCK RD,,,02360
326947,12 WORRALL RD,,,02360
327014,32 SO POND RD,,,02360
327770,128 COURT ST,,,02360
327995,64 WESTERLY RD,,,02360
328383,0 LONG POND RD,,,02360
328448,103 SOUTH ST,,,02360
329527,81 OBERY ST,,,02360
331976,72 ALLERTON ST,,,02360
332309,43 HEATHER DR,,,02360
332612,12 HUGHES ST,,,02360
332832,0 OBERY ST,,,02360
333310,57 WATER ST,,,02360
333810,1504 STATE RD,,,02360
334027,52 OBERY ST,,,02360
335296,20 HUGHES ST,,,02360
336118,103 LONG POND RD,,,02360
336312,250 OLD SANDWICH RD,,,02360
336427,0 LONG POND RD,,,02360
337001,25 MONTGOMERY DR,,,02360
337361,63 CAMELOT DR,,,02360
338942,0 WATERCOURSE RD,,,02360
339622,0 HALFWAY POND RD,,,02360
343272,241 ELLISVILLE RD,,,02360
346779,43 TRAILS END COVE RD,,,02360
346818,99 WIDGEON POND RD,,,02360
348415,0 FROM KINGSTON LINE,,,02360
350078,26 LONG POND RD,,,02360
350865,0 HALFWAY POND RD,,,02360
,,,,
,,,,
,,,,
,,,,
,,,,
,,,,
,,,,
,,,,
,,,,
,,,,
,,,,
,,,,
,,,,
,,,,
,,,,
,,,,
,,,,
,,,,
,,,,
,,,,
,,,,
,,,,
,,,,
,,,,
,,,,
,,,,
,,,,
,,,,
,,,,
,,,,
,,,,
,,,,
,,,,
366953,5R OLD COLONY AVE,,,02170
,,,,
,,,,
,,,,
,,,,
,,,,
,,,,
,,,,
,,,,
,,,,
374542,75 MILL ST,,,02767
377258,133 MILL ST,,,02767
379281,505 SUMMER AVE,,,01867
,,,,
379817,17 PLEASANT ST,,,01867
380128,230 ASH ST,,,01867
380144,0 HAVERHILL ST,,,01867
381383,41 WILSON ST,,,01867
381756,0 WAVERLY RD,,,01867
381797,74 BANCROFT AVE,,,01867
383362,52 SANBORN ST,,,01867
383683,33 PIERCE ST,,,01867
,,,,
385061,173 MAIN ST,,,01867
386097,0 CAUSEWAY RD,,,01867
386600,0 SUMMER AVE,,,01867
386801,0 GENERAL ST,,,01867
,,,,
,,,,
,,,,
,,,,
,,,,
,,,,
,,,,
,,,,
,,,,
,,,,
,,,,
,,,,
,,,,
,,,,
,,,,
,,,,
,,,,
,,,,
,,,,
,,,,
,,,,
,,,,
,,,,
,,,,
,,,,
,,,,
,,,,
,,,,
,,,,
,,,,
,,,,
,,,,
,,,,
,,,,
,,,,
,,,,
,,,,
,,,,
,,,,
,,,,
,,,,
,,,,
,,,,
,,,,
,,,,
,,,,
,,,,
,,,,
,,,,
,,,,
,,,,
,,,,
,,,,
,,,,
,,,,
,,,,
,,,,
,,,,
,,,,
,,,,
,,,,
,,,,
,,,,
,,,,
,,,,
,,,,
,,,,
,,,,
,,,,
,,,,
,,,,
,,,,
,,,,
,,,,
,,,,
,,,,
,,,,
,,,,
,,,,
,,,,
,,,,
,,,,
,,,,
,,,,
,,,,
,,,,
,,,,
,,,,
,,,,
,,,,
,,,,
,,,,
,,,,
,,,,
,,,,
,,,,
,,,,
,,,,
,,,,
,,,,
,,,,
,,,,
,,,,
,,,,
,,,,
,,,,
,,,,
,,,,
,,,,
,,,,
,,,,
,,,,
,,,,
,,,,
,,,,
,,,,
,,,,
,,,,
,,,,
,,,,
,,,,
,,,,
,,,,
,,,,
,,,,
,,,,
,,,,
,,,,
,,,,
,,,,
,,,,
,,,,
,,,,
,,,,
,,,,
,,,,
405552,26 SAUGUS AV,,,01906
406062,400 LINCOLN AV,,,01906
406376,134 BALLARD ST,,,01906
407895,34 HOUSTON AV,,,01906
408015,216 ESSEX ST,,,01906
408368,53 HOUSTON AV,,,01906
408818,47 LINCOLN AV,,,01906
409315,0 LINCOLN AV,,,01906
409373,2 RICE ST,,,01906
409578,91 DENVER ST,,,01906
413150,515 MAIN ST,,,01906
413405,0 WALNUT ST,,,01906
413518,0 WALNUT ST,,,01906
414299,0 DENVER ST,,,01906
414600,201 FOREST ST,,,01906
,,,,
,,,,
,,,,
,,,,
,,,,
,,,,
,,,,
,,,,
423998,480 MASSAPOAG AVE,,,02067
428711,66 DEPOT ST,,,02067
429509,000 HIXSON FARM RD,,,02067
429622,000 OLD POST RD,,,02067
429786,10 AMTRACK WAY,,,02067
430182,1 CORDAVILLE ROAD,,,01772
430610,0 MIDDLE ROAD,,,01772
430621,0 MAIN STREET,,,01772
430689,101 BREAKNECK HILL ROAD,,,01772
430846,0 BIGELOW ROAD,,,01772
432020,0 NORTHBORO ROAD,,,01772
432245,3 NORTH STREET,,,01772
432275,49 BOSTON ROAD,,,01772
432499,103 FRAMINGHAM ROAD,,,01772
433174,260 BOSTON ROAD,,,01772
433592,0 SOUTHVILLE ROAD,,,01772
439901,0 WOODLAND RD,,,02180
440061,0 POND ST,,,02180
440468,2106 COUNTY STREET,,,02780
441590,669 DIGHTON AVENUE,,,02780
442760,825 WEST WATER STREET,,,02780
442897,1000 COUNTY STREET,,,02780
443088,0 RR,,,02780
443976,417 MIDDLEBORO AVENUE,,,02718
444613,0 RR,,,02780
444883,0 RR,,,02780
445788,0 RR,,,02780
445885,22 PRESBREY COURT,,,02780
446330,494 WEIR STREET,,,02780
446824,59 INGELL STREET,,,02780
447339,158 OAK STREET,,,02780
447723,0 RR,,,02780
447940,0 RR,,,02780
448130,0 RR,,,02780
448424,0 RR,,,02780
448589,0 RR,,,02780
448836,0 RR,,,02780
448898,71 SUMMER STREET,,,02780
449069,0 RR,,,02780
449417,45 MASON STREET,,,02780
449452,15 MECHANICS LANE,,,02780
449603,29 WEIR STREET,,,02780
449636,72 CHURCH GREEN,,,02780
449638,30 OLNEY STREET,,,02780
449700,107 MAIN STREET,,,02780
449816,10 OAK STREET,,,02780
449823,2 OAK STREET,,,02780
450090,50 COURT STREET,,,02780
450257,40 BROADWAY,,,02780
450310,0 RR,,,02780
450521,19 FAYETTE PLACE,,,02780
450716,21 HODGES AVENUE,,,02780
450841,9 ASHLAND PLACE,,,02780
451578,0 RR,,,02780
451759,0 RR,,,02780
451922,143 SCHOOL STREET,,,02780
452123,4 NORTH WALKER STREET,,,02780
452268,0 RR,,,02780
454083,265 WEST BRITANNIA STREET,,,02780
454560,7 MARTEL AVENUE,,,02780
454575,0 RR,,,02780
454870,242-254 WHITTENTON STREET,,,02780
455975,0 RR,,,02780
457282,23-25 BASSETT STREET,,,02780
457497,245 MYLES STANDISH BOULEVARD,,,02780
457777,675 JOHN QUINCY ADAMS ROAD,,,02780
458134,1314 SOMERSET AVENUE,,,02780
458189,60 HODGES AVENUE,,,02780
458209,29 BASSETT STREET,,,02780
458410,450 MIDDLEBORO AVENUE,,,02780
462104,250 PINE ST,,,01876
462216,180 POND ST,,,01876
464542,365 EAST ST,,,01876
465043,53 NORTH ST/BEHIND,,,01876
465169,460 EAST ST,,,01876
465468,832 EAST ST,,,01876
465531,630 EAST ST,,,01876
465555,40 NAVILLUS RD,,,01876
466277,380 PINNACLE ST,,,01876
466547,100 MEREDITH RD,,,01876
467812,240 FISKE ST,,,01876
467962,175 CHANDLER ST/ADJACENT,,,01876
468003,130 MARSHALL ST,,,01876
468027,1057 SOUTH ST,,,01876
468028,1067 SOUTH ST,,,01876
,,,,
,,,,
470452,20 LOCUST AV,,,01879
471463,11 INDIAN LN,,,01879
473687,0 TROTTING PARK RD,,,01879
473732,0 ALTHEA AV,,,01879
474333,89 GROTON RD,,,01879
477992,483 WATER ST,,,01880
483085,0 MAIN ST,,,01880
484572,33 MYRTLE ST,,,02021
485471,20 HOPE AVE,,,90036
485622,172 RIVER ST,,,02485
486279,354 WESTON ST,,,02453
487501,15 VERNON ST,,,01730
488359,1430 MAIN ST,,,02451
488670,545 MAIN ST,,,02452-5526
489780,89 IRVING ST,,,02116
491086,185 LYMAN ST,,,02114
491148,240 BEAVER ST,,,02452-8022
491149,240 BEAVER ST,,,02452-8022
491404,755 BEAVER ST,,,02452-4625
491627,225 BEAVER ST,,,02452-8022
491893,558 WAVERLEY OAKS RD,,,01701
492152,5 PIETY CORNER RD,,,02472
492182,163 MALLARD WAY,,,02452-8405
492222,2 WINTER ST,,,02478
492254,190 TOTTEN POND RD,,,02494
492413,190 TRAPELO RD,,,02452-5552
492873,27 HUMBOLDT ST,,,02116
495419,14 NANCY LN,,,02478
495643,16 OUTLOOK RD,,,02150
,,,,
,,,,
,,,,
,,,,
,,,,
,,,,
,,,,
,,,,
,,,,
,,,,
,,,,
,,,,
,,,,
,,,,
,,,,
,,,,
,,,,
,,,,
,,,,
,,,,
,,,,
,,,,
,,,,
,,,,
,,,,
,,,,
509917,282 BLUE HILL DR,,,02090
,,,,
,,,,
,,,,
,,,,
,,,,
,,,,
,,,,
,,,,
,,,,
,,,,
,,,,
,,,,
,,,,
,,,,
,,,,
,,,,
,,,,
,,,,
,,,,
,,,,
,,,,
,,,,
,,,,
,,,,
,,,,
531547,415 HARVARD ST,,,02382
531548,159 161 PINE CIR,,,02382
533397,1 COMMERCIAL PL,,,02382
535450,11 BARTLETT RD,,,02152
538002,444-6 REVERE ST,,,02152
538690,50 SHEARS ST,,,02093
539489,0 STATE FORESTS,,,02093
539792,51 TAUNTON ST,,,02093
540914,920 SOUTH ST,,,02093
540927,922 SOUTH ST,,,02093
540937,745 MADISON ST,,,02093
540956,746 MADISON ST,,,02093
541878,926 SOUTH ST,,,02093
542380,0 SHEARS DEDHAM & EME,,,02093
543080,0 LOWELL JUNCTION RD,,,01810
543373,0 HAVERHILL ST,,,01810
543807,190 ANDOVER ST,,,01810
543952,37 MEMORIAL CI,,,01810
543953,74 MEMORIAL CI,,,01810
544196,12 MEMORIAL CI,,,01810
544197,0 GRANDVIEW TR,,,01810
544286,0 MORTON ST,,,01810
544288,25 MEMORIAL CI,,,01810
544345,31 GOULD RD,,,01810
544438,10 LOWELL ST,,,01810
545014,0 HAVERHILL ST,,,01810
545173,0 CHESTNUT ST,,,01810
545205,94 CHESTNUT CT,,,01810
545399,66 MEMORIAL CI,,,01810
545838,65 MEMORIAL CI,,,01810
545900,0 RAILROAD ST,,,01810
546133,73 MEMORIAL CI,,,01810
546366,0 ANDOVER ST,,,01810
546529,13 MEMORIAL CI,,,01810
546991,133 JENKINS RD,,,01810
547418,0 ESSEX ST,,,01810
548299,14 PROSPECT RD,,,01810
548351,2 MEMORIAL CI,,,01810
548355,0 MORTON ST,,,01810
549372,0 JENKINS RD,,,01810
549708,0 ANDOVER ST,,,01810
550181,45 MEMORIAL CI,,,01810
550657,3 MEMORIAL CI,,,01810
551275,256 NORTH MAIN ST,,,01810
551668,53 MEMORIAL CI,,,01810
552007,0 MORTON ST,,,01810
553404,131 NORTH ST,,,01810
553588,110 RIVER RD,,,01810
553714,197 ANDOVER ST,,,01810
554154,127 SO BEDFORD ST,,,01803
554169,0 SO BEDFORD ST,,,01803
555925,9 HALLMARK GARDENS,,,01803
556054,15 BIRCHCREST ST,,,01803
556288,14 BIRCHCREST ST,,,01803
558190,0 GRANT AVE,,,01803
559166,12 NELSON RD,,,01803
561316,35 GEDICK RD,,,01803
,,,,
,,,,
,,,,
,,,,
,,,,
,,,,
,,,,
,,,,
,,,,
,,,,
,,,,
,,,,
,,,,
,,,,
,,,,
,,,,
,,,,
,,,,
,,,,
,,,,
,,,,
,,,,
,,,,
,,,,
,,,,
,,,,
,,,,
,,,,
,,,,
,,,,
,,,,
,,,,
,,,,
,,,,
,,,,
,,,,
,,,,
,,,,
,,,,
,,,,
,,,,
,,,,
,,,,
,,,,
,,,,
,,,,
,,,,
,,,,
,,,,
,,,,
,,,,
,,,,
,,,,
,,,,
,,,,
,,,,
,,,,
,,,,
,,,,
,,,,
,,,,
,,,,
,,,,
569800,976 BARRETTS MILL RD,,,01742
569839,925 WALDEN ST,,,01742
570170,91 EVERETT ST,,,01742
571484,90X WALDEN ST,,,01742
571947,965 ELM ST,,,01742
572416,936 ELM ST,,,01742
572432,906 ELM ST,,,01742
572748,123B ELM ST,,,01742
573380,777 VIRGINIA RD,,,01742
573405,58B OLD BEDFORD RD,,,01742
573561,915 WALDEN ST,,,01742
573874,90B WALDEN ST,,,01742
574399,407-9 COMMONWEALTH AVE,,,01742
574611,305 WALDEN ST,,,01742
575242,275 DEPOT ST,,,01827
,,,,
,,,,
,,,,
,,,,
,,,,
,,,,
,,,,
586963,0 WASHINGTON ST (OFF),,,01746
587925,1995 WASHINGTON ST OFF,,,01746
590519,269 CENTRAL ST,,,01746
590695,59 HOLLIS ST,,,01746
592052,492 WASHINGTON ST,,,01746
592385,0 BROOK ST,,,01746
592446,68 CHAMBERLAIN ST,,,01746
592447,72 CHAMBERLAIN ST,,,01746
592887,1111 NANTASKET AVE,,,02045
594078,29 D STREET,,,02045
594079,33 C STREET,,,02045
595621,200 HULL SHORE DR,,,02045
595657,15 EDGEWATER RD,,,02045
596329,8 WHARF AVENUE,,,02045
596337,213 NANTASKET AVE,,,02045
596339,184 NANTASKET AVE,,,02045
596711,0 VALLEY BEACH AVE,,,02045
596761,1 ATLANTIC HOUSE CT,,,02045
597127,58 FARINA ROAD,,,02045
597130,0 FARINA ROAD,,,02045
597140,0 FARINA ROAD,,,02045
597170,0 PEDDOCKS ISLAND,,,02045
597172,0 BUMPKIN ISLAND,,,02045
597174,0 CALF ISLAND,,,02045
597179,0 OUTER BREWSTER,,,02045
597180,0 GREATER BREWSTER,,,02045
597182,0 PEDDOCKS ISLAND,,,02045
598202,22 WEST ST,,,01529
601642,120 WEST MAIN ST,,,02766
601838,8 HILL ST,,,02766
601905,196 EAST MAIN ST,,,02766
602504,0 BAY RD,,,02766
603567,238 EAST MAIN ST,,,02766
603700,0 EAST MAIN ST,,,02766
604055,0 LINCOLN ST,,,02766
606849,88 NAHATAN STREET,,,02062
609048,98-C NAHATAN STREET,,,02062
609199,10-61 BROOKVIEW CIRCLE,,,02062
611161,40 WILLIAM SHYNE CIRCLE,,,02062
612887,164-170 BROADWAY,,,02062
612943,4-16 ADAMS STREET,,,02062
612983,70-124 ROOSEVELT AV,,,02062
613529,0 FARM RD,,,01770
614709,0 COOLIDGE ST,,,01770
614949,0 PROSPECT ST,,,01770
615081,0 WILLOW LN,,,02072
615390,167 PORTER ST,,,02072
615475,48 LACIVITA CT,,,02072
615598,68 LACIVITA CT,,,02072
615812,70 PHILLIPS AV,,,02072
616337,14 SEAVER ST,,,02072
616618,133 CENTRAL ST,,,02072
616664,0 WEST ST,,,02072
616775,38 WELLESLEY RD,,,02072
616866,75 DRAKE AV,,,02072
617455,4 CAPEN ST,,,02072
617467,71 CONNELL DR,,,02072
617622,0 ATKINSON AV,,,02072
617772,0 SUMNER ST,,,02072
617837,930 TURNPIKE ST,,,02072
618013,63 YORK ST,,,02072
618170,0 STOUGHTON ST,,,02072
619360,1575 CENTRAL ST,,,02072
619472,126 BRITTON AV,,,02072
619689,17 SPRINGWOOD AV,,,02072
619911,0 SEAVER ST,,,02072
620324,0 PINEWOOD AV,,,02072
620815,0 AMES PD,,,02072
621359,44 PLEASANT ST,,,02072
621976,1651 WASHINGTON ST,,,02072
622353,0 DALY DR EX,,,02072
622576,0 AMES PD,,,02072
623099,646 WEST ST,,,02072
623553,0 PLAIN ST,,,02072
623835,227 PERRY ST,,,02072
623930,50 ROSE ST,,,02072
624223,0 TURNPIKE ST,,,02072
624374,0 RAILWAY,,,01776
624496,0 RAILWAY,,,01776
624920,21 GREAT LAKE DR,,,01776
624921,2 BEECHWOOD AVE,,,01776
624925,42 FAIRBANK RD,,,01776
625682,62 PINE ST,,,01776
626665,47 OLD MEADOW RD,,,01776
626709,10 LANDHAM RD,,,01776
626774,55 HUDSON RD,,,01776
627221,0 RAILWAY,,,01776
627473,105 BOSTON POST RD,,,01776
627546,19 GREENWOOD RD,,,01776
628523,0 RAILWAY,,,01776
628587,59 HORSE POND RD,,,01776
628842,9 RICHARD AVE,,,01776
629340,16 WILLIS LAKE DR,,,01776
629506,8 OAKWOOD AVE,,,01776
629941,11 FORD RD,,,01776
629981,56 GREAT RD,,,01776
630706,41 GREAT RD,,,01776
631718,42 WEST MAIN ST,,,01568
632097,20 CHURCH ST,,,01568
632199,0 STATION ST,,,01568
632411,4 HARTFORD AVE NORTH,,,01568
632912,43 MAPLE AVE,,,01568
632965,100 PLEASANT ST,,,01568
633906,0 MASSACHUSETTS TPK,,,01568
633993,0 UPTON STATE FOREST,,,01568
634373,99 HARTFORD AVE EAST,,,01569
634678,0 N MAIN ST,,,01569
634682,0 N MAIN ST,,,01569
634760,286 OAK ST,,,01569
634802,271 OAK ST,,,01569
634876,287 OAK ST,,,01569
635719,20 BRUCE ST,,,01569
635868,57 POWER ST,,,01569
636001,105 BLACKSTONE ST,,,01569
636370,0 VETERANS PKWY,,,01569
636376,0 VETERANS PKWY,,,01569
636506,0 MENDON ST,,,01569
636813,596 DOUGLAS ST,,,01569
636919,42 CROWNSHIELD AVE,,,01569
636997,261 S MAIN ST,,,01569
637714,0 MILLVILLE RD,,,01569
638049,80 RIVER RD,,,01569
638684,0 HARTFORD AVE EAST,,,01569
638805,350 HARTFORD AVE EAST,,,01569
638986,0 LACKEY DAM POND,,,01569
639290,0 S MAIN ST,,,01569
639502,1060 BELMONT ST,,,02472
640297,29 PHILIP DARCH RD,,,02472
640329,113 POPLAR ST,,,02472
640405,6 ROBERT FORD RD,,,02472
640438,21 PHILIP DARCH RD,,,02472
640462,11 PHILIP DARCH RD,,,02472
640478,244 LEXINGTON ST,,,02472
640487,30 PHILIP DARCH RD,,,02472
640532,22 PHILIP DARCH RD,,,02472
640557,12 PHILIP DARCH RD,,,02472
640576,234 LEXINGTON ST,,,02472
641075,100 WARREN ST,,,02472
641353,9 ROSARY DR,,,02472
641638,6 KEITH ST,,,02472
642449,115 WAVERLEY AV,,,02472
642546,8 HERSOM ST,,,02472
642606,27 RALPH A PITERI TR,,,02472
643206,55 WAVERLEY AV,,,02472
644948,103 NICHOLS AV,,,02472
644960,55 MELENDY AV,,,02472
644993,15 GREEN ST,,,02472
645191,8 QUIMBY ST,,,02472
645267,0 PLEASANT ST,,,02472
645268,72 MELENDY AV,,,02472
645357,9 DANA TR,,,02472
645429,114 PLEASANT ST,,,02472
645565,0 QUIMBY ST,,,02472
645567,0 QUIMBY ST,,,02472
645588,0 QUIMBY ST,,,02472
645615,0 QUIMBY ST,,,02472
645771,0 PLEASANT ST,,,02472
645978,0 PLEASANT ST,,,02472
646056,0 PLEASANT ST,,,02472
646305,0 HUNT ST,,,02472
646318,0 WATER ST,,,02472
646551,0 WATER ST,,,02472
646867,109 UNION ST,,,02472
647092,0 NO BEACON ST,,,02472
647136,0 HASKELL ST,,,01581
647137,0 LYMAN ST,,,01581
647204,167 LYMAN ST,,,01581
647640,186 OAK ST,,,01581
647731,0 SMITH VALVE PARKWAY,,,01581
647954,0 MAYNARD ST,,,01581
647992,185 OAK ST,,,01581
648301,181 MILK ST,,,01581
649535,0 MILL RD,,,01581
649775,6AW MASSPIKE PLAZA,,,01581
650308,0 SOUTH ST,,,01581
650489,0 WEST MAIN ST,,,01581
650995,125 NORTH DR,,,01581
651088,0 OAK ST,,,01581
651796,0 EAST MAIN ST,,,01581
652144,0 LYMAN ST,,,01581
652187,0 LYMAN ST,,,01581
652188,288 LYMAN ST,,,01581
652189,0 LYMAN ST,,,01581
652236,0 RICE LN,,,01581
652242,0 SUMMER ST,,,01581
652266,0 EAST MAIN ST,,,01581
652411,1 RABBIT HILL RD,,,01581
652413,0 LYMAN ST,,,01581
652414,0 LYMAN ST,,,01581
659646,1 HOLBROOK COURT,,,02343
,,,,
664265,0 SOUTH BORDER RD,,,02155
,,,,
,,,,
,,,,
,,,,
,,,,
,,,,
,,,,
,,,,
,,,,
664366,15 PRESIDENTS LD  U2,,,02155
,,,,
,,,,
,,,,
,,,,
,,,,
,,,,
,,,,
,,,,
,,,,
,,,,
,,,,
,,,,
,,,,
,,,,
,,,,
,,,,
,,,,
,,,,
,,,,
,,,,
,,,,
,,,,
679109,600 RIVERS EDGE GARAGE,,,02155
,,,,
679555,50 MAPLE ST,,,01757
680073,87 EAST ST EX,,,01757
680129,97 BEACH STREET EX,,,01757
681144,20 CHURCH HILL ST,,,01757
681166,0 CHURCH HILL ST,,,01757
681197,10 MAHER CT,,,01757
681207,6 CEDAR ST,,,01757
681551,36 WEST FOUNTAIN ST,,,01757
681666,0 PURCHASE ST,,,01757
681729,0 SUMNER ST,,,01757
681757,37 REDWOOD DR,,,01757
681885,15 VICKI LN,,,01757
681925,11 VICKI LN,,,01757
681961,0 SUMNER ST,,,01757
682207,18 PRINCETON DR,,,01757
682611,32 REDWOOD DR,,,01757
682695,132 HIGHLAND ST,,,01757
685310,85 EAST ST EX,,,01757
685472,24 CORNELL DR,,,01757
685551,1 VINCENCZO RD,,,01757
685578,0 OLIVER ST,,,01757
685768,0 FAIRFIELD CT,,,01757
686092,16 SOUTH HIGH ST,,,01757
686967,2 LUBY AV,,,01757
687806,41 PROSPECT ST,,,01757
,,,,
,,,,
,,,,
,,,,
,,,,
,,,,
,,,,
,,,,
,,,,
692980,0 FOLEY ST,,,02145
,,,,
,,,,
,,,,
,,,,
,,,,
,,,,
,,,,
695403,0 GREAT RIVER RD,,,02145
,,,,
,,,,
,,,,
,,,,
,,,,
697827,53 SACRAMENTO ST,,,02143
,,,,
,,,,
,,,,
,,,,
,,,,
,,,,
,,,,
,,,,
,,,,
,,,,
,,,,
,,,,
,,,,
,,,,
,,,,
,,,,
,,,,
,,,,
,,,,
704546,664 SUDBURY RD,,,01775
705461,85 CIRCUIT DR,,,01775
707804,75 DRUMMER RD REAR,,,01720
709658,316 SCHOOL ST,,,01720
710020,58 WETHERBEE ST,,,01720
711113,66 HAYWARD RD,,,01720
714183,70 HOSMER ST,,,01720
718795,349 BLACKSTONE ST,,,01504
,,,,
,,,,
,,,,
,,,,
,,,,
,,,,
,,,,
,,,,
,,,,
,,,,
,,,,
,,,,
,,,,
,,,,
,,,,
,,,,
,,,,
,,,,
,,,,
,,,,
,,,,
,,,,
,,,,
,,,,
,,,,
,,,,
,,,,
,,,,
,,,,
,,,,
731285,519 GREAT RD,,,01460
731330,48 BEAVER BROOK RD,,,01460
732258,26 SHATTUCK ST,,,01460
733226,28 CEDAR RD,,,01460
733429,257 KING ST,,,01460
734058,143 KING ST,,,01460
734154,76 WHITCOMB AV,,,01460
734296,200 NEW ESTATE RD,,,01460
734375,196 AYER RD,,,01460
735087,48 EDDY ST,,,02048
735140,74-76 PINE NEEDLE LN,,,02048
735615,71-73 PINE NEEDLE LN,,,02048
735977,65 STEARNS AVE,,,02048
736033,760 SOUTH MAIN ST,,,02048
737040,2 MORSE CT,,,02048
737052,70 BROOK ST,,,02048
737216,45 BROOK ST,,,02048
737389,720 WARE ST,,,02048
737645,15 PARK ST,,,02048
738695,1 CROCKER ST,,,02048
738716,253 WEST ST,,,02048
738832,41 DEAN ST,,,02048
739067,45 EDDY ST,,,02048
739068,47 EDDY ST,,,02048
739069,53 EDDY ST,,,02048
739070,55 EDDY ST,,,02048
739071,57 EDDY ST,,,02048
739499,5 ASPEN ST,,,02048
739618,10 COLUMBINE RD,,,02048
740617,651 SOUTH MAIN ST,,,02048
740664,489 NORTH MAIN ST,,,02048
741147,32 WILSON PL,,,02048
741341,46 EDDY ST,,,02048
741404,50 EDDY ST,,,02048
741405,52 EDDY ST,,,02048
741520,59 EDDY ST,,,02048
,,,,
744989,0 CALEB RD,,,01464
745055,0 SQUANNACOOK RD,,,01464
745719,124 AYER RD,,,01464
745778,0 FRONT ST,,,01464
745869,0 FRONT ST,,,01464
745940,85 WALKER RD,,,01464
745941,0 HARVARD RD,,,01464
745957,0 PATTERSON RD,,,01464
745959,15 PATTERSON RD,,,01464
746089,0 CENTER RD,,,01464
746135,0 HARVARD RD,,,01464
746229,0 WILDE RD,,,01464
746820,0 GREAT RD,,,01464
,,,,
,,,,
,,,,
,,,,
,,,,
,,,,
751704,8 DIAMOND POND TERR,,,02081
,,,,
,,,,
757423,0 MATFIELD ST,,,02379
758792,0 BELMONT ST,,,02379
760034,10 SWANSON ROAD,,,01719
760463,100 CENTRAL STREET,,,01719
760537,180 DEPOT ROAD,,,01719
760635,181 DEPOT ROAD,,,01719
760693,150 SARGENT ROAD,,,01719
761017,959 WALTHAM ST,,,02420
764217,63 MARRETT RD,,,02420
764447,0 MARRETT RD,,,02420
764482,0 MARRETT RD,,,02420
764556,39 MARRETT RD,,,02420
764738,33 MARRETT RD,,,02420
773327,33 BROUGHTON RD,,,01945
773353,42 BROUGHTON RD,,,01945
773381,37 BROUGHTON RD,,,01945
773598,0 FARRELL CT,,,01945
773871,26 ROWLAND ST,,,01945
774186,6 BROUGHTON RD,,,01945
774201,1 BROUGHTON RD,,,01945
774233,10 BROUGHTON RD,,,01945
774255,55 BROUGHTON RD,,,01945
774267,51 BROUGHTON RD,,,01945
774442,0 FARRELL CT,,,01945
774491,0 FARRELL CT,,,01945
774850,34 BROUGHTON RD,,,01945
774874,29 BROUGHTON RD,,,01945
774886,41 BROUGHTON RD,,,01945
774901,48 BROUGHTON RD,,,01945
775268,38 BROUGHTON RD,,,01945
775588,0 GREEN ST,,,01945
778229,2 BROUGHTON RD,,,01945
778266,5 BROUGHTON RD,,,01945
778291,14 BROUGHTON RD,,,01945
778309,9 BROUGHTON RD,,,01945
778335,18 BROUGHTON RD,,,01945
778360,13 BROUGHTON RD,,,01945
778383,22 BROUGHTON RD,,,01945
778392,17 BROUGHTON RD,,,01945
778437,26 BROUGHTON RD,,,01945
778473,21 BROUGHTON RD,,,01945
778496,30 BROUGHTON RD,,,01945
778510,25 BROUGHTON RD,,,01945
778566,52 BROUGHTON RD,,,01945
778590,47 BROUGHTON RD,,,01945
,,,,
,,,,
,,,,
,,,,
,,,,
,,,,
,,,,
,,,,
,,,,
,,,,
,,,,
,,,,
,,,,
,,,,
,,,,
,,,,
,,,,
,,,,
,,,,
,,,,
,,,,
,,,,
,,,,
,,,,
,,,,
,,,,
,,,,
,,,,
,,,,
,,,,
,,,,
,,,,
,,,,
,,,,
792099,62 HAVEN WAY,,,01721
792100,0 BELCHER CIRCLE,,,01721
792101,98 VOYAGERS LN,,,01721
792102,50 VOYAGERS LN,,,01721
792189,0 HICKORY RD,,,01721
792216,0 HICKORY RD,,,01721
792424,0 OAK ST,,,01721
792613,286 AMERICA BLVD,,,01721
792647,0 CHRISTY LN,,,01721
792710,0 MYRTLE ST,,,01721
792717,0 FOUNTAIN ST,,,01721
792727,0 SUDBURY RD,,,01721
792735,252 FRONT ST,,,01721
792762,138 CONCORD ST,,,01721
792763,268 FRONT ST,,,01721
792764,260 FRONT ST,,,01721
792766,112 PLEASANT ST,,,01721
792770,0 WHITEROCK RD,,,01721
792789,0 FRONT ST,,,01721
792831,92 B PLEASANT ST,,,01721
792892,0 FISKE RD,,,01721
792899,17 RAYMOND MARCHETTI ST,,,01721
792900,11 A RAYMOND MARCHETTI ST,,,01721
792906,0 CARL GHILANI CIRCLE,,,01721
793017,0 BAY COLONY DR,,,01721
793045,0 CORDAVILL RD,,,01721
793260,137 CONCORD ST,,,01721
793276,0 PINE HILL RD,,,01721
793311,9 SHADOW CREEK LN,,,01721
793335,318 CORDAVILLE RD,,,01721
793343,0 PINE HILL RD,,,01721
793386,0 CUTLER DR,,,01721
793399,0 WHITEROCK RD,,,01721
793697,0 INDEPENDENCE LN,,,01721
793747,0 INDEPENDENCE RD,,,01721
793774,0 INDEPENDENCE LN,,,01721
793775,0 INDEPENDENCE LN,,,01721
793790,0 OAK ST,,,01721
793797,0 STONEYBROOK DR,,,01721
793810,0 OAK ST,,,01721
793978,0 LAKEVIEW TERR REAR,,,01721
793989,9 VOYAGERS LN,,,01721
794135,0 HOWE ST,,,01721
794236,27 DOUGLAS RD,,,01721
794293,315 UNION ST,,,01721
794406,54 METROPOLITAN AVE,,,01721
794711,99 SPYGLASS HILL DR,,,01721
794797,200 BUTTERFIELD DR,,,01721
794913,17 GREENHALGE RD,,,01721
794932,409 AMERICA BLVD,,,01721
794933,91 METROPOLITAN AVE,,,01721
794934,95 METROPOLITAN AVE,,,01721
794935,74 METROPOLITAN AVE,,,01721
794936,70 METROPOLITAN AVE,,,01721
794937,66 METROPOLITAN AVE,,,01721
794938,9 VOYAGERS LN,,,01721
794940,70 SUMMER ST,,,01721
794941,98 CAPTAIN EAMES CIRCLE,,,01721
794943,3 CAPTAIN EAMES CIRCLE,,,01721
794944,346 TRAILSIDE WAY,,,01721
794945,8 MEETING HOUSE PATH,,,01721
794963,0 TRI ST,,,01721
794982,0 NANCY DR,,,01721
795015,82 METROPOLITAN AVE,,,01721
795017,86 METROPOLITAN AVE,,,01721
795018,90 METROPOLITAN AVE,,,01721
795020,114 METROPOLITAN AVE,,,01721
795021,122 METROPOLITAN AVE,,,01721
795022,111 METROPOLITAN AVE,,,01721
795023,103 METROPOLITAN AVE,,,01721
795062,97 TRAILSIDE WAY,,,01721
795063,331 TRAILSIDE WAY,,,01721
795064,99 TRAILSIDE WAY,,,01721
795070,96 CAPTAIN EAMES CIRCLE,,,01721
795071,98 CAPTAIN EAMES CIRCLE,,,01721
795075,97 ARROWHEAD CIRCLE,,,01721
795076,9 CEDAR ST,,,01721
795087,78 METROPOLITAN AVE,,,01721
795095,80 BRAEBURN LN,,,01721
795120,99 METROPOLITAN AVE,,,01721
795121,107 METROPOLITAN AVE,,,01721
795122,117 METROPOLITAN AVE,,,01721
795123,121 METROPOLITAN AVE,,,01721
795426,0 DEER RIDGE RD REAR,,,01721
795427,0 ALGONQUIN TRAIL,,,01721
795428,0 HOWE ST,,,01721
795458,0 OLIVE ST,,,01721
795507,220 U - B ELIOT ST,,,01721
795596,0 HAVEN WAY,,,01721
795735,9 HAVEN WAY,,,01721
795797,0 HARDWICK RD,,,01721
795869,98 METROPOLITAN AVE,,,01721
795875,99 BRAEBURN LN,,,01721
796024,91 VOYAGERS LN,,,01721
796039,0 MAIN ST,,,01721
796117,350 B UNION ST,,,01721
796146,348 D UNION ST,,,01721
796229,0 BAY COLONY DR,,,01721
796239,99 AMERICA BLVD,,,01721
796394,78 UNION ST,,,01721
796413,13 DOUGLAS RD,,,01721
796548,0 GROVER RD,,,01721
796550,0 RAMBLEWOOD DR,,,01721
796598,0 DOUGLAS RD,,,01721
796835,0 WEST UNION ST REAR,,,01721
796902,0 BRIMSTONE WAY,,,01721
796903,201 HOWE ST,,,01721
796908,99 MOUNTAIN GATE RD,,,01721
796909,99 MEETING HOUSE PATH,,,01721
796910,98 MOUNTAIN GATE RD,,,01721
796941,0 CARY DR,,,01721
796950,0 INDEPENDENCE LN,,,01721
796992,8 QUEEN ISABELLA WAY,,,01721
796993,9 HALF CROWN CIRCLE,,,01721
797009,0 WHITTEMORE DR REAR,,,01721
797025,0 BUTTERFIELD DR,,,01721
797600,276 BLUE HILL AV,,,02119
798307,1243 1247 BLUE HILL AV,,,02126
798343,628 HARVARD ST,,,02126
798452,37 CASTLETON ST,,,02130
799008,330 WARREN ST,,,02119
799045,25 WOODBINE ST,,,02119
799161,24 30 MAYWOOD ST,,,02119
799586,15 OTISFIELD ST,,,02121
799590,118 BOWDOIN ST,,,02121
799681,8 INTERVALE ST,,,02121
799760,241 243 BLUE HILL AV,,,02119
800228,93 LUCERNE ST,,,02124
800901,3 7 EDGEWOOD ST,,,02119
801225,2574 2566 WASHINGTON ST,,,02119
801257,424 WASHINGTON ST,,,02124
804109,1 SCHROEDER PZ,,,02120
804346,247 NEPONSET AV,,,02122
805611,46 FOREST ST,,,02119
807027,115 SOUTHAMPTON ST,,,02119
807329,85 CENTRE ST,,,02119
808629,173 HARVARD ST,,,02121
808659,233 CLARENDON ST,,,02116
808864,49 WINTHROP ST,,,02119
808954,20 MICHIGAN AV,,,02121
809022,95 NIGHTINGALE ST,,,02124
809283,680 E FOURTH ST,,,02127
809533,125 S HUNTINGTON AV,,,02199
810129,21 CHAPEL RD,,,02136
810140,444 COLUMBIA RD,,,02125
810629,179 GLENWAY ST,,,02121
811029,45 HIGH ST,,,02110
811237,1020 HARVARD ST,,,02126
812516,945 CANTERBURY ST,,,02131
812656,165 BLUE HILL AV,,,02119
812667,40 NEW SUDBURY ST,,,02114
812793,8 PERKINS AV,,,02136
813091,60 FAIRMOUNT AV,,,02136
813405,43 S RUSSELL ST,,,02114
814901,1 CLEVELAND PK,,,02119
815029,40 CENTRE ST,,,02124
815305,82 BABSON ST,,,02126
815864,97 LUCERNE ST,,,02124
817597,129 VERNON ST,,,02120
818275,367 DUDLEY ST,,,02119
818599,297 TALBOT AV,,,02124
819386,37 EVERETT ST,,,02136
819597,1500 BLUE HILL AV,,,02126
819676,301 WASHINGTON ST,,,02135
820176,1625 DORCHESTER AV,,,02122
820319,19-Nov DEERFIELD ST,,,02215
820978,50 ASHTON ST,,,02124
821128,68 BRADEEN ST,,,02131
821195,1283 HYDE PARK AV,,,02136
822320,44 MOULTRIE ST,,,02124
822345,13 15 SCHOOL ST,,,02108
822607,28 MARION ST,,,02131
822779,270 272 WARREN ST,,,02119
823220,42 ELM ST,,,02130
824440,15 ST JAMES ST,,,02119
824454,15 BALSAM ST,,,02124
824920,81 LUCERNE ST,,,02124
825019,54 56 ASHTON ST,,,02124
826359,1674 1680 BLUE HILL AV,,,02126
826775,283 N HARVARD ST,,,02134
826883,130 RIVER ST,,,02126
827479,110 CLAYBOURNE ST,,,02124
828312,205 211 HAROLD ST,,,02121
828475,255 265 MT VERNON ST,,,02125
828498,28 26 BRIMMER ST,,,02108
828525,63 MOORE ST,,,02128
829260,160 ROXBURY ST,,,02119
829668,597 GALLIVAN BL,,,02124
830117,10 KINGSBORO PK,,,02130
830223,34 A WINTHROP ST,,,02129
830491,62 THIRTEENTH ST,,,02129
830825,1940 CENTRE ST,,,02132
832823,357 NEPONSET AV,,,02122
833121,547 549 DUDLEY ST,,,02119
834555,45 ROBESON ST,,,02130
835048,27 VICTORY RD,,,02122
836031,24 REED ST,,,02118
836307,20 REED ST,,,02118
836351,1 3 FIDELIS WY,,,02135
836364,79 STANTON ST,,,02124
836482,1000 1012 BLUE HILL AV,,,02124
836544,85 LUCERNE ST,,,02124
836964,708 700 TREMONT ST,,,02118
837139,34 GIBSON ST,,,02122
837264,60 WM CARD OCONNELL WY,,,02114
837463,460 CAMBRIDGE ST,,,02134
838282,553 HARRISON AV,,,02118
839640,65 NORTHERN AV,,,02210
839695,131 137 HARRISON AV,,,02111
839996,25 ISABELLA ST,,,02116
840058,315 NORTHERN AV,,,02210
841372,135 MT VERNON ST,,,02108
841512,67 ASHLEY ST,,,02128
842131,5 MIDDLETON ST,,,02124
842556,287 293 COLUMBUS AV,,,02116
843224,14 -18 FESSENDEN ST,,,02126
843443,18 REED ST,,,02118
843661,26 WINTHROP ST,,,02119
844002,14 MONTEBELLO RD,,,02130
844038,74 COREY RD,,,02135
845668,150 160A WARREN ST,,,02119
845827,48 PLEASANT ST,,,02125
845952,478 COLUMBIA RD,,,02125
846507,27 WINTHROP ST,,,02119
846674,162 168 WARREN ST,,,02119
846796,3251 3257 WASHINGTON ST,,,02130
846933,430 CANTERBURY ST,,,02131
847044,37 WINTHROP ST,,,02119
847047,62 64 NORTHAMPTON ST,,,02118
847162,237 239 HARRISON AV,,,02111
847216,3 5 FAYETTE ST,,,02116
847550,200 TOWNSEND ST,,,02121
848594,573 NORFOLK ST,,,02126
848618,321 MARKET ST,,,02135
848646,19 PARISH ST,,,02122
848893,94 WARREN ST,,,02119
850233,36 WASHINGTON ST,,,02121
850384,39 BROOKSIDE AV,,,02130
850583,30 BRIMMER ST,,,02108
851112,34 SPARHAWK ST,,,02135
851374,14 BISHOP JOE L SMITH WY,,,02121
851677,66 GENEVA AV,,,02121
851987,4390 WASHINGTON ST,,,02131
854759,81 WALNUT AV,,,02119
855274,175 WOOD AV,,,02136
855517,194 COLUMBUS AV,,,02116
855670,73 BROOKS ST,,,02135
856625,25 33 MERIDIAN ST,,,02128
856727,180 DUDLEY ST,,,02119
857137,14 N BENNET ST,,,02113
857181,31 PRINCE ST,,,02113
857681,46 BROOKSIDE AV,,,02130
857779,84 WARREN ST,,,02119
857985,98 N ST,,,02127
858022,62 68 CUMMINGS RD,,,02135
858131,334 336 DUDLEY ST,,,02119
858323,342 DUDLEY ST,,,02119
858771,316 MERIDIAN ST,,,02128
859421,114 LEICESTER ST,,,02135
859435,10 WASHINGTON ST,,,02121
861152,21 PARISH ST,,,02122
861277,166 168 E COTTAGE ST,,,02125
861742,761 765 DUDLEY ST,,,02125
861816,20 ROSELAND ST,,,02124
862033,767 R DUDLEY ST,,,02125
862292,230 WARREN ST,,,02119
862495,204 216 MASSACHUSETTS AV,,,02115
862496,93 105 FALMOUTH ST,,,02115
862808,42 BROOKSIDE AV,,,02130
863426,451 WASHINGTON ST,,,02124
863854,234 236A BLUE HILL AV,,,02119
864500,560 HUNTINGTON AV,,,02115
865638,18 14 PHILLIPS ST,,,02114
866581,301 WASHINGTON ST,,,02121
866610,161 163 ORLEANS ST,,,02128
866626,320 A320C BLUE HILL AV,,,02121
866750,1505 BLUE HILL AV,,,02126
867017,43 HOLTON ST,,,02135
867404,651 659 WASHINGTON ST,,,02124
867816,7 GREENWOOD PK,,,02122
868414,215 NEPONSET VALLEY PW,,,02137
869689,239 241 N BEACON ST,,,02135
869929,59 FENWAY ST,,,02115
873315,126 ARLINGTON ST,,,02136
873416,125 145 PURCHASE ST,,,02110
873782,493 WASHINGTON ST,,,02124
873851,89 LUCERNE ST,,,02124
874241,385 COMMONWEALTH AV,,,02115
874394,107 SPENCER ST,,,02124
874984,99 103 W CEDAR ST,,,02114
875279,1706 CENTRE ST,,,02132
875282,191 189 GLENWAY ST,,,02121
875568,360 SARATOGA ST,,,02128
875909,777 781 WASHINGTON ST,,,02124
876467,20 BELVIDERE ST,,,02115
877042,85 WILLIAMS AV,,,02136
877703,10 WELLES AV,,,02124
878382,3 BIGELOW ST,,,02135
879031,111 HARVARD ST,,,02121
879135,425 FANEUIL ST,,,02135
879193,5115 WASHINGTON ST,,,02132
879284,12 BICKNELL ST,,,02121
879304,271 279 WASHINGTON ST,,,02121
879345,4 6 PARK ST,,,02108
879349,138 CHESTNUT HILL AV,,,02135
879792,9 15 SALUTATION ST,,,02109
880012,88 94 ERIE ST,,,02121
880441,83 MARION ST,,,02128
881457,27 29 PARKMAN ST,,,02122
881735,941 943 BOYLSTON ST,,,02115
881768,315 BOWDOIN  ST,,,02122
882312,101 NIGHTINGALE ST,,,02124
883033,645 BOYLSTON ST,,,02116
884384,95 97 SOUTH ST,,,02130
886384,1:00 AM MELVILLE AV,,,02124
887152,1249 HYDE PARK AV,,,02136
887391,44 LYNDHURST ST,,,02124
887395,20 ARLINGTON ST,,,02116
889228,141 N HARVARD ST,,,02134
889327,740 CENTRE ST,,,02130
891827,10 HUNTINGTON AV,,,02116
891975,226 222 SPRING ST,,,02132
892146,10  R TERMINAL ST,,,02210
892685,27-Nov FRANKLIN HILL AV,,,02124
893180,107 105 HARVARD ST,,,02121
893586,1205 HYDE PARK AV,,,02136
893621,1201 HYDE PARK AV,,,02136
893901,101 -111 DALTON ST,,,02115
894319,301 NEPONSET AV,,,02122
894326,3345 3349 WASHINGTON ST,,,02130
894463,327 WASHINGTON ST,,,02121
895416,19 BALSAM ST,,,02124
895719,32 34 MAYWOOD ST,,,02119
895737,235 WOODROW AV,,,02124
896257,84 BROADWAY,,,02149
896429,0 PARIS ST,,,02149
897819,0 ROAD A,,,02149
897820,0 ROAD A,,,02149
897821,0 ROAD A,,,02149
898935,0 WOODLAWN ST,,,02149
899749,0 ROAD B,,,02149
899750,0 ROAD B,,,02149
899752,22-28 CHERRY ST,,,02149
899955,331 ELM ST,,,02149
901359,0 ROAD B,,,02149
901360,0 ROAD B,,,02149
901361,0 ROAD B,,,02149
901433,0 ROAD A,,,02149
901501,0 ROAD B,,,02149
901502,0 ROAD B,,,02149
901503,0 ROAD B,,,02149
901504,0 ROAD B,,,02149
902012,85 ELM ST,,,02149
903141,381 FERRY ST,,,02149
903409,393 FERRY ST,,,02149
904104,94-96 GLEDHILL AV,,,02149
904119,26-30 VETERANS AV,,,02149
904124,118 GLEDHILL AV,,,02149
904125,167-173 VETERANS AV,,,02149
905192,895 CENTER STREET,,,02359
905313,1 MAYFLOWER COURT,,,02359
906101,295 WEST ELM STREET,,,02359
907201,101 HARVARD STREET,,,02359
908177,176 SCHOOSETT STREET,,,02359
908464,22 CRANBERRY ROAD,,,02359
908487,490 CENTER STREET,,,02359
909459,42 LAKE STREET,,,02359
910256,1 KILCOMMONS DRIVE,,,02359
910290,34 MATTAKEESETT STREET,,,02359
910798,0 SCHOOL/SUMMER STS,,,02324
910861,26 SCHOOL ST,,,02324
910868,0 SCHOOL/SUMMER STS,,,02324
910869,0 BURRILL AV,,,02324
910885,0 OAK ST,,,02324
910905,0 PLYMOUTH ST,,,02324
911076,296 MAIN ST,,,02324
911078,96 HEMLOCK DR,,,02324
911272,65 GROVE ST,,,02324
911276,0 SCHOOL ST,,,02324
911286,112 MAPLE AV,,,02324
911483,24 COTTAGE ST,,,02324
911497,48 COTTAGE ST,,,02324
911534,0 PARK/SUMMER STS,,,02324
911555,19 SHAW RD,,,02324
911580,34 PARK AV,,,02324
911611,0 HIGH ST,,,02324
911615,41 PLYMOUTH ST,,,02324
911616,47 PLYMOUTH ST,,,02324
911617,57 PLYMOUTH ST,,,02324
911630,0 BURRILL AV,,,02324
911662,215 SUMMER ST,,,02324
912127,0 LAUREL ST,,,02324
912137,0 MELANIE LN,,,02324
915641,302 TITICUT ST,,,02324
915981,185 SPRUCE ST,,,02324
916716,0 LAKE NIPPENICKET,,,02324
916967,0 PADDOCK RD,,,02324
917033,0 FRUIT ST,,,02324
917889,0 BURRILL AV,,,02324
917890,0 STATE PRISON RD,,,02324
917891,0 PLYMOUTH ST,,,02324
917894,0 LAUREL ST,,,02324
918368,0 PLEASANT ST,,,02324
918518,295 MAIN ST,,,02324
918536,121 WALL ST,,,02324
918576,0 OAK ST,,,02324
918598,106 HALE ST,,,02324
918601,25 PLYMOUTH ST,,,02324
918639,0 BURRILL AV,,,02324
918647,0 BURRILL AV,,,02324
918650,400 SUMMER ST,,,02324
918652,0 PLYMOUTH ST,,,02324
919033,4 RIVERSIDE ST,,,01923
919507,110 COLLINS ST,,,01923
919724,26 WATER ST,,,01923
919773,110 ASH ST,,,01923
919812,6 PERRY ST,,,01923
920604,11 RICE ST,,,01923
920785,95 HOLTEN ST,,,01923
921149,19 STONE ST,,,01923
921176,14 STONE ST,,,01923
922200,80 MAPLE ST,,,01923
922691,67 POPLAR ST,,,01923
923280,2 ARMORY RD,,,01923
924039,35 FELLOWS ST,,,01923
925309,4 HATHORNE AVE,,,01923
925335,10 HATHORNE AVE,,,01923
925358,5 HATHORNE AVE,,,01923
925445,466 MAPLE ST,,,01923
925457,470 MAPLE ST,,,01923
925546,1 KIRKBRIDE DR,,,01923
925668,485 MAPLE ST,,,01923
925705,111 MIDDLETON RD,,,01923
925795,99 MIDDLETON RD,,,01923
925898,562 MAPLE ST,,,01923
925952,1 RAND CIR,,,01923
925961,5 PRESTON ST,,,01923
925974,72 NORTH ST,,,01923
926080,225 DAYTON ST,,,01923
926424,565 MAPLE ST,,,01923
926434,10 FERNCROFT RD,,,01923
926759,6 HATHORNE AVE,,,01923
929948,135 MYRON ST,,,01826
930929,92 VARNUM RD,,,01826
931861,67 TANGLEWOOD DR,,,01826
931960,51 TURGEON AV,,,01826
932156,971 MAMMOTH RD,,,01826
932462,1530 BRIDGE ST,,,01826
933006,65 PHINEAS ST,,,01826
933374,485 HILDRETH ST,,,01826
933422,457 MAMMOTH RD,,,01826
933666,125 SLADEN ST,,,01826
933718,204 PLEASANT ST UN M6,,,01826
934255,47 HAMPSON ST,,,01826
935439,216 BOUCHARD AV,,,01826
935826,113 PARKER AV,,,01826
936166,204 PLEASANT ST UN L6,,,01826
936178,204 PLEASANT ST UN C6,,,01826
936181,204 PLEASANT ST UN I6,,,01826
936182,204 PLEASANT ST UN E6,,,01826
936183,204 PLEASANT ST UN F6,,,01826
936716,61 HAMPSON ST,,,01826
,,,,
,,,,
,,,,
,,,,
,,,,
,,,,
,,,,
,,,,
,,,,
,,,,
,,,,
,,,,
,,,,
,,,,
,,,,
,,,,
,,,,
,,,,
,,,,
,,,,
,,,,
,,,,
,,,,
957481,169 SUMMER ST,,,02364
957748,15 FOSTER LN,,,02364
959200,15 HILLCREST RD,,,02364
959275,OFF JONES RIVER DR,,,02364
961161,60 MARION DR,,,02364
961215,21-40 ANDERSON AV,,,02364
962036,237 PEMBROKE ST,,,02364
962653,753 BLUE HILL AV,,,02186
962930,0 HILLSIDE ST,,,02186
963392,5 TUCKER ST,,,02186
963678,0 BRUSH HILL RD,,,02186
963909,102 BLUE HILL AV,,,02186
964008,0 BLUE HILLS PW,,,02186
964094,99 BROOK RD,,,02186
964096,26 LOTHROP AV,,,02186
965939,436 CENTRAL AV,,,02186
966563,121 CENTRAL AV,,,02186
966732,159 ELIOT ST,,,02186
967085,0 ELIOT ST,,,02186
967711,0 ADAMS ST,,,02186
968560,65 MILLER AV,,,02186
969125,73 GRANITE AV,,,02186
973074,9 S MAIN ST,,,02368
981442,592 N MAIN ST,,,02368
982312,10 PITMAN RD,,,01907
982693,100 PINE ST,,,02114
982750,3 NEW OCEAN ST,,,01907
984055,10 RAILROAD AV,,,02114
984194,0 COLUMBIA ST,,,02114
984620,0 CHERRY ST,,,01907
,,,,
,,,,
,,,,
997791,00303 OAK HILL WA,,,02301
997840,00000 OAK HILL WA,,,02301
999108,00000 MAIN ST,,,02301
999113,00000 MAIN ST,,,02301
999208,00000 MAIN ST,,,02301
999413,01442 MAIN ST,,,02301
999659,01380 MAIN ST,,,02301
999749,00074 CLIFTON AV,,,02301
999802,00000 PLAIN ST,,,02301
1000353,00168 MARKET ST,,,02301
1001531,01090 MAIN ST,,,02301
1001611,00000 MAIN ST,,,02301
1001619,00033 W CHESTNUT ST,,,02301
1001671,00050 TREMONT ST,,,02301
1001791,01038 WARREN AV,,,02301
1002103,00000 ESSEX ST,,,02301
,,,,
1002160,00015 ESSEX ST,,,02301
1002742,00152 NILSSON ST,,,02303
1003182,00157 TRIBOU ST,,,02301
1003559,00110 MENLO ST,,,02301
1003769,00103 MENLO ST,,,02301
1004433,00009 SHEPPARD ST,,,02303
1004999,00200 FOREST AV,,,02301
1005847,00000 THATCHER ST,,,02302
1006314,00111 DOVER ST,,,02301
1007183,00028 PARK ST,,,02301
1007197,00024 PARK ST,,,02301
,,,,
1009020,00000 CLINTON AV,,,02301
1009112,00000 CLINTON AV,,,02301
1009190,00000 MAIN ST,,,02301
1009209,00000 CLINTON AV,,,02301
1009226,00755 CRESCENT ST,,,02301
1009242,00215 MAIN ST,,,02301
1009293,00000 CLINTON AV,,,02301
1009303,00000 CLINTON AV,,,02301
1009307,00000 MAIN ST,,,02301
1009314,00024 W ELM ST,,,02301
1009350,00000 MAIN ST,,,02301
1009362,00195 MAIN ST,,,02301
1009393,00000 CLINTON AV,,,02301
1009400,00000 MAIN ST,,,02301
1009448,00183 MAIN ST,,,02301
1009494,00179 MAIN ST,,,02301
1009566,00165 MAIN ST,,,02301
,,,,
,,,,
1009660,00000 W ELM ST,,,02301
1009696,00000 MONTELLO ST,,,02301
1009717,00770 CRESCENT ST,,,02302
1009755,00045 GODDARD RD,,,02301
,,,,
,,,,
1009819,00007 PALM PL,,,02301
,,,,
,,,,
,,,,
1009929,00027 ELLSWORTH ST,,,02301
,,,,
1009958,00000 ELLSWORTH ST,,,02301
,,,,
1010021,00000 BEAUMONT AV,,,02302
1010036,00015 UNION CT,,,02301
1010062,00780 CRESCENT ST,,,02302
,,,,
1010133,00100 HIGHLAND ST,,,02301
1010145,00088 HIGHLAND ST,,,02301
1010270,00000 PLYMOUTH ST,,,02301
1010527,00102 GREEN ST,,,02301
1010714,00010 HILL ST,,,02301
,,,,
1010959,00010 COMMERCIAL ST,,,02301
1011192,00000 COURT ST,,,02301
1011217,00015 HUNT ST,,,02301
1011518,00070 SPRING ST,,,02301
1011524,00064 SPRING ST,,,02301
1011545,00022 HEREFORD ST,,,02301
1011571,00021 HEREFORD ST,,,02301
1011583,00089 SPRING ST,,,02301
1011646,00000 N WARREN AV,,,02301
1011664,00004 WALNUT ST,,,02301
1011749,00008 WALNUT ST,,,02301
1011999,00001 GOLDEN CR,,,02301
1012138,00056 HAWLEY ST,,,02301
1012326,00057 HAVERHILL ST,,,02301
1012331,00061 HAVERHILL ST,,,02301
1012367,00065 HAVERHILL ST,,,02301
1012410,00007 TURNER ST,,,02301
1012423,00010 TURNER ST,,,02301
1012443,00103 N WARREN AV,,,02301
1012531,00004 CROWELL ST,,,02301
1012548,00017 TURNER ST,,,02301
1012550,00000 TURNER ST,,,02301
1012700,00000 WILLIAMS AV,,,02301
1012708,00040 WALNUT ST,,,02301
1012737,00135 N WARREN AV,,,02301
1012772,00025 TURNER ST,,,02301
1013016,00159 N WARREN AV,,,02301
1013096,00065 WYMAN ST,,,02301
,,,,
1013392,00199 N WARREN AV,,,02301
,,,,
,,,,
1014087,00100 TURNER ST,,,02301
1014516,00039 MONTAUK RD,,,02301
1014808,00105 BELAIR ST,,,02301
1015054,00000 BELAIR ST,,,02301
1015286,00117 BELAIR ST,,,02301
1015457,00077 CHERRY ST,,,02301
1015744,00140 COLONEL BELL DR,,,02301
,,,,
1015834,00011 SNOW AV,,,02301
1017504,00629 N MAIN ST,,,02301
1017751,00678 N MAIN ST,,,02301
1017947,00010 KENNEDY DR,,,02301
1017965,00224 AMES ST,,,02301
1019116,00000 NORTH AV,,,02301
,,,,
1020042,00963 N MAIN ST,,,02301
1020127,00040 CLIFFORD AV,,,02301
1022443,00152 ARTHUR PAQUIN WY,,,02301
,,,,
1022461,00290 THATCHER ST,,,02302
1022497,00108 HARVARD ST,,,02301
1022498,00116 HARVARD ST,,,02301
1022499,00036 S FULLER ST,,,02301
1027259,0 BROADWAY,,,02148
1029006,175 BROADWAY,,,02148
1034798,294-REAR POND ST,,,02322
1038074,0 TOPSFIELD RD,,,01921
,,,,
,,,,
,,,,
,,,,
,,,,
,,,,
,,,,
,,,,
,,,,
,,,,
,,,,
,,,,
,,,,
,,,,
,,,,
,,,,
,,,,
,,,,
,,,,
,,,,
,,,,
,,,,
,,,,
,,,,
,,,,
,,,,
,,,,
,,,,
,,,,
,,,,
,,,,
,,,,
,,,,
,,,,
,,,,
,,,,
,,,,
,,,,
,,,,
,,,,
,,,,
,,,,
,,,,
,,,,
,,,,
,,,,
,,,,
,,,,
,,,,
,,,,
,,,,
,,,,
,,,,
,,,,
,,,,
,,,,
,,,,
,,,,
,,,,
,,,,
,,,,
,,,,
,,,,
,,,,
,,,,
,,,,
,,,,
,,,,
,,,,
1059435,0 POND ST,,,01833
1059761,2R MARTEL WY,,,01833
1059777,94 SEARLE ST,,,01833
1059879,81-99 JEWETT ST,,,01833
1060311,75 WEST ST,,,01833
1060312,85 WEST ST,,,01833
1060313,95 WEST ST,,,01833
1060316,101 WEST ST,,,01833
1060629,15 BAILEY LN,,,01833
1060668,81R BALDPATE RD,,,01833
1060852,204 W MAIN ST,,,01833
1060984,7 BALDPATE RD,,,01833
1061190,111 JEWETT ST,,,01833
1061355,1 MOULTON ST,,,01833
1061908,0 TRESTLE WY,,,01833
1061909,0 TRESTLE WY,,,01833
1067759,1630 MAIN ST,,,02341
1067988,53 WEST WASHINGTON ST,,,02341
1068779,1073 WEST WASHINGTON ST,,,02341
1069701,132 WOODBINE AV,,,02341
1070288,80 MEETING HOUSE LN,,,02341
1070439,0 PHILLIPS ST,,,02341
1070449,533 MAIN ST,,,02341
1070552,0 ELM ST,,,02341
1070736,0 RIGHT OF WAY,,,02341
1070737,0 PLEASANT ST,,,02341
,,,,
,,,,
,,,,
,,,,
,,,,
,,,,
,,,,
,,,,
1088902,16 18 LINCOLN ST,,,01860
1089189,8 10 GREEN ST,,,01860
1089306,52 MIDDLE ST,,,01860
1093487,37 PLEASANT ST,,,01844
1094282,VP RAILROAD ST,,,01844
1095567,101 BROADWAY,,,01844
1095715,37 PLEASANT ST,,,01844
1098762,1 RIVERVIEW BLVD,,,01844
1100128,19 MYSTIC ST,,,01844
1100808,679 LOWELL ST,,,01844
1100856,18 LOWELL BLVD,,,01844
1102136,30 WOODLAND ST,,,01844
1102252,36 OAKLAND AVE,,,01844
1102768,11 NORTH LOWELL ST,,,01844
1104340,26 HAVERHILL ST,,,01844
1104963,VP BROADWAY,,,01844
1105441,5 MOODY ST,,,01951
1106143,200 SCOTLAND RD,,,01951
1106273,35 LARKIN RD,,,01951
1108070,8 PLUM ISLAND BL,,,01951
1108498,23 NEWBURYPORT TP,,,01951
1108512,134 ORCHARD ST,,,01951
1108518,0 FOREST ST,,,01951
1118299,50 LAKE ST,,,01534
1121461,63 SCHOOL ST,,,01534
1122398,401 CENTRAL ST,,,01969
1122529,129 BOXFORD RD,,,01969
1123167,0 PLANTATION DR,,,01969
1123342,47 SUMMER ST,,,01969
1123459,279 NEWBURYPORT TNPK,,,01969
1123509,42 HAVERHILL ST,,,01969
1123602,24 DANIELS RD,,,01969
1123620,24 POWERHOUSE LN,,,01969
1123903,0 NEWBURYPORT TNPK,,,01969
1124019,64 PINGREE FARM RD,,,01969
1124503,0 BOXFORD RD,,,01969
1124579,0 DEPOT WAY,,,01969
1124780,110 HAVERHILL ST,,,01969
1124823,124 PROSPECT HILL,,,01969
1124878,9 OCEAN FRONT SO,,,01952
1125197,4 MURRAY ST,,,01952
1126614,22 SWEET APPLE TREE,,,01952
1127322,OFF ELM ST,,,01952
1128068,105 RABBIT RD,,,01952
1128392,23 BEACH RD,,,01952
1128471,218 BEACH RD,,,01952
1128618,228 BEACH RD,,,01952
1128863,OFF LAFAYETTE RD,,,01952
1129068,I95 REST AREA,,,01952
1131165,14 LINE RD,,,01886
1131167,16 LINE RD,,,01886
1131200,65 TADMUCK RD,,,01886
1131203,67 TADMUCK RD,,,01886
1131219,80 BOSTON RD,,,01886
1131660,173 CARLISLE RD,,,01886
1134096,25 NABNASSET ST,,,01886
1134905,0 VINEYARD RD,,,01886
1135218,0 NUTTING RD,,,01886
1135219,19 NUTTING RD,,,01886
1136442,0 DEPOT ST,,,01886
1136478,7 CHURCH ST,,,01886
1136517,7 CROSS ST,,,01886
1136921,0 MILLSTONE HILL RD,,,01886
1136935,0 MILLSTONE HILL RD,,,01886
1136940,0 MILLSTONE HILL RD,,,01886
1136941,0 MILLSTONE HILL RD,,,01886
1136943,0 MILLSTONE HILL RD,,,01886
1137080,31 BEACON ST,,,01886
1137115,0 BEACON ST,,,01886
1137116,0 NORTH ST,,,01886
1137118,3 FARMER WAY,,,01886
1137388,65 FORGE VILLAGE RD,,,01886
1138125,0 CONCORD RD,,,01886
1138149,15 COUNTRY RD,,,01886
1138275,60 FORGE VILLAGE RD,,,01886
1138426,0 MAIN ST,,,01886
1139173,0 HOWARD RD,,,01886
1139410,8 SUNCREST AVE,,,01887
1140088,20 BLACKSTONE ST,,,01887
1141135,14 OAKRIDGE CIR,,,01887
1141521,9 VIRGINIA RD,,,01887
1141522,50 VIRGINIA RD,,,01887
1141524,8 VIRGINIA RD,,,01887
1141529,2 LARSON RD,,,01887
1141636,43 NORTH ST,,,01887
1143167,29 ST PAUL ST,,,01887
1143168,33 ST PAUL ST,,,01887
1143760,8 EVERETT AVE,,,01887
1144046,  KING ST,,,01887
1144108,16 CARY ST,,,01887
1144132,  RW 30 DIV 2100,,,01887
1147141,  DEMING WY,,,01887
1148073,2400 WOBURN ST,,,01887
1148074,375 MAIN ST,,,01887
1148281,0 COMMERCIAL ST,,,02184
1148843,285 QUINCY AV,,,02184
1150757,8 HAWTHORN RD,,,02184
1151919,16 BELLEVUE RD,,,02184
1154219,166 CLEVELAND AV,,,02184
1155541,40 TREMONT ST,,,02184
1158714,43 HILL VIEW RD,,,02184
1159608,27 ROOSEVELT ST,,,02184
1161515,142 CLYDE ST,,,02467
1161752,0 HEATH ST,,,01776
1164340,384 WASHINGTON ST,,,02445
1168441,35-55 CLARENDON AVE,,, 
1168468,8 COLUMBUS AVE,,, 
1168571,13-14 SEAGRAVE RD,,, 
1168638,125-127 WHITTEMORE AVE,,, 
1168805,121 JACKSON ST,,, 
1168830,115-117 JACKSON ST,,, 
1168932,11 WOODBRIDGE ST,,, 
1169000,73 CLIFTON ST,,, 
1169295,  CAMBRIDGEPARK DR,,, 
1169473,324 RINDGE AVE,,, 
1169493,284 RINDGE AVE,,, 
1169496,278 RINDGE AVE,,, 
1169499,266 RINDGE AVE,,, 
1169902,  SMITH PL,,, 
1169974,2060 MASS AVE,,, 
1170251,175 RICHDALE AVE,,, 
1170271,66 NEW ST,,, 
1170393,1875 MASS AVE,,, 
1171522,1713-5 MASS AVE,,, 
1171560,45 LINNAEAN ST,,, 
1172342,71 HAMMOND ST,,, 
1172614,41 CONCORD AVE,,, 
1173362,98 ABERDEEN AVE,,, 
1173558,118 TROWBRIDGE ST,,, 
1173890,15D ROBERTS RD,,, 
1174742,3 LAMBERT ST,,, 
1174787,4 RUFO RD,,, 
1174904,145 GORE ST,,, 
1175184,183 MONSIGNOR OBRIEN HWY,,, 
1175343,  CHARLESTOWN AVE/EAST,,, 
1175394,971 MEMORIAL DR,,, 
1175723,81-87 AMORY ST,,, 
1175783,50 WILLOW ST,,, 
1176024,17 EIGHTH ST,,, 
1176323,9 MT AUBURN ST,,, 
1176393,00015 MONSIGNOR OBRIEN HWY,,, 
1176576,2 MT AUBURN ST,,, 
1176745,226 NORFOLK ST,,, 
1176951,4.5-4 CENTRE ST,,, 
1177579,55 ESSEX ST,,, 
1177784,15 INMAN ST,,, 
1178173,  PUTNAM AVE,,, 
1178454,245-247 WASHINGTON ST,,, 
1178472,12 HINGHAM ST,,, 
1178535,637 MAIN ST,,, 
1178696,87-97 CAMBRIDGE PKWY,,, 
1178826,195 RIVER ST,,, 
1178851,197 RIVER ST,,, 
1178855,207 RIVER ST,,, 
1178993,261 RIVER ST,,, 
1179248,35-47 LOPEZ ST,,, 
1179351,81 MAGAZINE ST,,, 
1179441,91 MAGAZINE ST,,, 
1179461,21 VALENTINE ST,,, 
1180200,258 HAMPSHIRE ST,,, 
1180209,  CUSHING CT,,, 
1180227,2353 MASS AVE,,, 
1180323,2381 MASS AVE,,, 
1180480,21 MONSIGNOR OBRIEN HWY,,, 
1180481,25 CHARLESTOWN AVE,,, 
1180501,11 NORFOLK CT,,, 
1180522,108 HARVARD ST,,, 
1180552,15 NORFOLK CT,,, 
1180571,155 WILLOW ST,,, 
1180668,406 CONCORD AVE,,, 
1180764,351 RINDGE AVE,,, 
1180874,250 FRESH POND PKWY,,, 
1180879,78 CAMBRIDGEPARK DR,,, 
1180880,9 SIDNEY ST,,, 
1180911,1867 MASS AVE,,, 
1180951,24 MONSIGNOR OBRIEN HWY,,, 
1180952,2-14 MONSIGNOR OBRIEN HWY,,, 
1180963,  CHARLESTOWN AVE,,, 
1180964,  INDUSTRIAL PK RD/EAS,,, 
1180984,  CAMBRIDGEPARK DR,,, 
1181096,9 CAMBRIDGE CTR,,, 
1181120,61 REGENT ST,,, 
1181131,18 CUSHING COURT,,, 
1181154,385 MASS AVE,,, 
1181185,86 OTIS ST,,, 
1181195,903 CAMBRIDGE ST,,, 
1181256,116 NORFOLK ST,,, 
1181350,  PORTER RD,,, 
1181477,  CHARLES RIVER PKWY,,, 
1181834,  COHASSET,,, 
1181853,  COHASSET,,, 
1182036,  WOMPATUCK PK,,, 
1182644,30 CROCKER LN,,, 
1182881,  NORTH MAIN ST,,, 
1184523,  NORTH MAIN ST,,, 
1184621,  C J CUSHING HWY,,, 
1184630,  COHASSET,,, 
1189883,82 SECOND ST,,,01701
1189886,0 SECOND ST,,,01701
1189887,39 EVERIT AVE,,,01701
1190551,1220 CONCORD ST,,,01702
1191007,0 MASS TURNPIKE STOP,,,01702
1191639,3 CARLSON RD,,,01701
1191640,8 CONCORD ST,,,01701
1191905,0 COCHITUATE RD,,,01702
1192814,409 COCHITUATE RD,,,01702
1192920,115 COCHITUATE RD,,,01702
1192935,0 MAYNARD AND CHURCH,,,01701
1193354,2 ORAN RD,,,01701
1193546,1 ROSE KENNEDY LN,,,01701
1193560,522 CONCORD ST,,,01701
1193825,4 ARSENAL RD,,,01701
1193862,45 ADAMS RD,,,01701
1194041,40 TEMPLE PL,,,01702
1194052,10 STATE ST,,,01701
1194054,9 STATE ST,,,01701
1194060,77 STATE ST,,,01701
1194069,6 ADAMS RD,,,01701
1194090,28 HIGH ST,,,01701
1194102,16 STATE ST,,,01701
1194104,23 STATE ST,,,01701
1194135,87 STATE ST,,,01701
1194302,29 STATE ST,,,01701
1194304,22 ADAMS RD,,,01701
1194334,53 STATE ST,,,01701
1194341,43 ADAMS RD,,,01701
1194454,400 WORCESTER RD,,,01701
1194461,42 MAYNARD RD,,,01701
1194471,77 STATE ST,,,01701
1194475,2 CHURCH ST,,,01701
1194494,93 STATE ST,,,01701
1194521,0 ST LO ST,,,01701
1194548,1 ST LO STREET,,,01701
1194588,118 STATE ST,,,01701
1194688,4 CHURCH ST,,,01701
1194726,3 ARSENAL RD,,,01701
1194813,1 ARSENAL RD,,,01701
1194821,2 ARSENAL RD,,,01701
1194845,600 CONCORD ST,,,01701
1194908,0 CONCORD ST,,,01701
1194985,1 JOHN J BRADY DR,,,01701
1195058,27 ARSENAL RD,,,01701
1195105,220 MAPLE ST RR,,,01701
1195182,602 CONCORD ST,,,01701
1195267,1 DR HARVEY CUSHING WY,,,01701
1195811,16 SOUTH ST,,,01701
1196334,133 HOLLIS ST,,,01701
1196617,37 WAVERLEY ST,,,01701
1197027,98 DUDLEY RD,,,01701
1197321,135 KENDALL ST,,,01701
1197788,117 SECOND ST,,,01701
1197797,0 CEDAR ST,,,01701
1198019,364 IRVING ST,,,01701
1198049,143 HOLLIS ST #9,,,01701
1198103,0 SUMMIT ST,,,01701
1198145,58 ARLINGTON ST,,,01701
1198195,63 ARLINGTON ST,,,01701
1198254,46 BETHANY RD,,,01701
1198348,317 HOLLIS ST,,,01701
1198576,10 LORING DR,,,01701
1198707,26 LORING DR,,,01701
1198989,450 WORCESTER RD,,,01701
1199293,135 WESTERN AVE,,,01701
1199377,135 WESTERN AVE,,,01701
1199750,0 COCHITUATE RD,,,01702
1199872,1048 EDMANDS RD,,,01702
1200136,415 BRIMSTONE LN,,,01702
1200383,1672 WORCESTER RD,,,01701
1200459,100 STATE ST,,,01701
1200838,83 ALEXANDER ST,,,01701
1200859,0 WATER AND BROOK ST,,,01702
1200985,0 MERCHANT ST,,,01701
1201027,0 SECOND ST,,,01701
1201177,502 OLD CONN PATH,,,01702
1201257,0 LAKE COCHITUATE PARK,,,01702
1201563,538 UNION AVE,,,01701
1201569,322 SALEM END RD,,,01701
1201603,24 UNDERWOOD AVE,,,01701
1201607,0 WINTER ST,,,01701
1201803,0 SUMMIT ST,,,01701
1201867,3 MERCHANT RD,,,01701
1201936,0 MILLWOOD ST,,,01702
1203376,  WEST HANOVER,,,02339
1205575,1307 WASHINGTON ST,,,02339
1207711,0 OCEAN VIEW DRIVE,,,02043
1207976,62 HOWE STREET,,,02043
1208427,176 DOWNER AVENUE,,,02043
1208566,457 LINCOLN STREET,,,02043
1208571,360 LINCOLN STREET,,,02043
1208677,0 BRADLEY WOODS DR,,,02043
1208730,1 DOWNER AVENUE,,,02043
1209055,0 LINCOLN STREET,,,02043
1209583,190 SUMMER STREET,,,02043
1209605,2 HULL STREET,,,02043
1209655,100 BEAL STREET,,,02043
1209722,30 THAXTER STREET,,,02043
1210087,0 SOUTH STREET,,,02043
1210091,6 SOUTH STREET,,,02043
1210281,0 WEST STREET,,,02043
1210570,96 CENTRAL STREET,,,02043
1212088,190 OLD HOBART STREET,,,02043
1213703,308 CUSHING STREET,,,02043
1214568,132 SCOTLAND STREET,,,02043
1215280,250 COUNTY RD,,,01938
1215307,52 FELLOWS RD,,,01938
1215509,212 TOPSFIELD RD,,,01938
1215580,71 ESSEX RD,,,01938
1215737,27 ESSEX RD,,,01938
1216242,95 COUNTY RD,,,01938
1217350,7 VERMETTE CT,,,01938
1217471,10 CAROLINE AV,,,01938
1217569,15 CAROLINE AV,,,01938
1217629,5 CAROLINE AV,,,01938
1218261,282 LINEBROOK RD,,,01938
1218972,18 FOWLERS LN,,,01938
1219471,61 JEFFREYS NECK RD,,,01938
1219545,165 HIGH ST,,,01938
1219917,276 HIGH ST,,,01938
1220578,0 PLUM ISLAND,,,01938
1220657,0 MARSH HUNDREDS,,,01938
1232451,0 HOSPITAL RD,,,02052
1233480,0 HOSPITAL RD,,,02052
1234535,40 HOSPITAL RD,,,02052
1236012,  REAR  HARDING ST,,,02052
1237893,70 LOVERING ST,,,02053
1238697,1 MAPLE  LANE,,,02053
1238705,1 MAHAN CIR,,,02053
1239635,66 VILLAGE ST,,,02053
1240718,248 VILLAGE ST,,,02053
1242060,0 DEAN RD,,, 
1242323,175 OAK ST,,, 
1242362,0 MASS TURNPIKE,,, 
1242795,0 OAK KNOLL RD  END,,, 
1243796,300 NORTH MAIN ST,,, 
1243834,300 NORTH MAIN ST,,, 
1245330,56 MILL ST,,, 
1245905,149 SPEEN ST,,, 
1246053,0 MILL ST,,, 
1246057,123 ELIOT ST,,, 
1246156,72 SOUTH MAIN ST,,, 
1246416,50 MILL ST,,, 
1246676,163 UNION ST,,, 
1246800,6 PLAIN ST,,, 
1246861,169 WEST CENTRAL ST,,, 
1246930,92 SOUTH MAIN ST,,, 
1246936,199 POND ST,,, 
1247564,43 NORTH AVE,,, 
1247959,2 HUNTER CT,,, 
1248814,0 MASS TURNPIKE,,, 
1248819,0 FROST ST  END,,, 
1249479,2 COTTAGE ST,,, 
1249539,36 BENNETT ST,,, 
1250137,44 FOREST AVE EXT,,, 
1250138,16 BENNETT ST,,, 
1250139,53 FOREST AVE,,, 
1250144,4 CEDAR AVE,,, 
1250145,44 CURVE ST,,, 
1250226,106 POND ST,,, 
1250285,161 COTTAGE ST,,, 
1250664,0 FOREST AVE EXT OFF,,, 
1250683,0 CEDAR AVE  END,,, 
1251024,0 FISHER ST END,,, 
1251025,0 LAKE ST,,, 
1251061,9 WESTFIELD RD,,, 
1251064,113 SPEEN ST,,, 
1251188,0 MAGNOLIA RD  END OFF,,, 
1251292,0 WASHINGTON ST,,, 
1251355,41 LEACH LANE,,, 
1251417,1 WESTVIEW AVE,,, 
1251456,190 OAK ST,,, 
1251630,0 UPLAND RD,,, 
1251699,0 MASS TURNPIKE,,, 
1251790,38 LEACH LANE,,, 
1251812,0 EVERGREEN RD  END,,, 
1251814,77 EVERGREEN RD,,, 
1251823,25 COMMONWEALTH RD,,, 
1251825,225 COMMONWEALTH RD,,, 
1251999,0 BOLSER AVE  END,,, 
1252040,25 COMMONWEALTH RD,,, 
1252047,0 SUNSET PATH  END,,, 
1252055,348 NORTH MAIN ST,,, 
1252057,1055 WORCESTER ST,,, 
1252247,0 MASS TURNPIKE,,, 
1252799,13 MARION ST,,, 
1252801,125 WEST CENTRAL ST,,, 
1252803,17 COMMONWEALTH RD,,, 
1252819,68 MILL ST,,, 
1255051,  GROVE ST,,,02061
1257061,  MT BLUE ST,,,02061
1257893,262 LORING AVENUE,,, 
1258211,  LINCOLN ROAD,,, 
1258363,9 MONROE ROAD,,, 
1258611,71 LORING AVENUE,,, 
1258670,17-27 FIRST STREET,,, 
1258671,  RAINBOW TERRACE,,, 
1258695,  RAINBOW TERRACE,,, 
1258929,  LAFAYETTE STREET,,, 
1258941,352 LAFAYETTE STREET,,, 
1259242,225 CANAL STREET,,, 
1260015,142 CANAL STREET,,, 
1260026,15 SUMMIT AVENUE,,, 
1260804,  PIONEER TERRACE,,, 
1260936,  PIONEER TERRACE,,, 
1261334,117 CONGRESS STREET,,, 
1261515,2 HATHORNE CRESCENT,,, 
1261613,33 PARK STREET,,, 
1262410,3 BROAD STREET,,, 
1262561,73 BOSTON STREET,,, 
1262740,5 NICHOLS STREET,,, 
1262820,5 WASHINGTON STREET,,, 
1262981,27 CHARTER STREET,,, 
1263131,122 1/2 BOSTON STREET,,, 
1263327,290 SEWALL STREET,,, 
1263597,8 NORTH STREET,,, 
1263787,65 WASHINGTON STREET,,, 
1263813,84-88 ESSEX STREET,,, 
1263927,32-50 FEDERAL STREET,,, 
1263938,36 COMMERCIAL STREET,,, 
1263944,54 FEDERAL STREET,,, 
1263970,205 BRIDGE STREET,,, 
1263974,298 BRIDGE STREET,,, 
1264018,45 ST PETER STREET,,, 
1264394,234 BRIDGE STREET,,, 
1264395,7 HARMONY GROVE ROAD,,, 
1264403,252 BRIDGE STREET,,, 
1264531,93 NORTH STREET,,, 
1264718,81 TREMONT STREET,,, 
1264784,65 SCHOOL STREET,,, 
1264830,2 LEE FORT TERRACE,,, 
1264924,121 1/2 BRIDGE STREET,,, 
1264949,1 LEE FORT TERRACE,,, 
1265501,25 CONANT STREET,,, 
1265642,26-34 FORT AVENUE,,, 
1265784,80 FORT AVENUE,,, 
1265813,192 NORTH STREET,,, 
1266249,242 BRIDGE STREET,,, 
1266287,18 MARCH STREET,,, 
1266710,20 MARCH STREET,,, 
1267348,0 WELLESLEY ST,,,02493
1267455,0 BROWN ST,,,02493
1267458,0 WELLESLEY ST,,,02493
1267467,0 SOUTH AV,,,02493
1268011,425 GLEN RD,,,02493
1268058,0 OAK ST,,,02493
1268123,200 PARK RD,,,02493
1268171,0 RIVERSIDE RD,,,02493
1268189,0 RIVERSIDE RD,,,02493
1268473,0 NEWTON ST,,,02493
1268715,0 NEWTON ST,,,02493
1269530,0 SIBLEY RD,,,02493
,,,,
,,,,
